"komentar","label"
"polisi harus tindak tegas oknum ormas","positif"
"polisi kalau tidak pakai sogokan makan dari mana?!","negatif"
"adi polisi kok jadi pelaku pemerasan juga!","negatif"
"brengsek! ini polisi kenapa lama sekali gerak","negatif"
"pecat saja! banyak orang baik yang mau jadi polisi tapi gagal","negatif"
"polisi sebenarnya fungsinya apa?!","netral"
"kami harap pak polisi segera menangkap pemilik akun ini","positif"
"saya kesal sekali sama polisi kalau tidak ada uang kasus tidak akan di urus","negatif"
"kasihan polisi yang bener-bener baik dan jujur","positif"
"sumpah ya polisi kenapa sih?!","netral"
"polisi tolol banget","negatif"
"yang benar saja pak polisi jangan sampai kepanjangan dari polisi menjadi perkumpulan orang licik seluruh indonesia","negatif"
"senangnya anak yatim kota kediri diajak polisi belanja baju lebaran di mall","negatif"
"aparat polisi bangsat!","negatif"
"kami bangga melihat polisi punya simpati pada begitu banyak orang","positif"
"polisi isinya oknum semua!","negatif"
"polisi harus tangkap dan tindak tegas pelaku penganiaya anak kecil","positif"
"polisi goblok!","negatif"
"sudah bukan rahasia umum lagi hilang motor lapor polisi pasti hilang mobil, biadab","negatif"
"polisi cepatlah bertindak masa harus viral dulu","negatif"
"lembaga negara yang paling tidak bisa di percaya adalah polisi","negatif"
"memang keren Polisi Indonesia","positif"
"hebat polisi bisa berpikir cepat","positif"
"cara polisi cari pelaku keren banget","positif"
"jaya terus polisi indonesia","positif"
"polisi pasti bisa menertibkan mobil para pengacau jalanan","positif"
"terima kasih banyak bapak polisi sudah melaksanakan pengamanan","positif"
"pecat saja oknum polisi begitu","negatif"
"kita terus berharap ada anggota polisi memiliki hati nurani","positif"
"gue sedih banget kinerja kepolisian","negatif"
"mantap pak polisi","positif"
"polisi bisa mengayomi dan membuat aman","positif"
"polisi memang ramah langsung minta maaf karena tidak bisa membantu","positif"
"antara marah kecewa tidak percaya semua jadi satu","negatif"
"benar-benar kecewa sama polisi","negatif"
"saya kecewa hari ini kepada polisi","negatif"
"saya sebagai rakyat kecewa dengan kinerja polisi","negatif"
"kecewa kinerja polisi lambat mengembangkan kasus","negatif"
"kami sebagai masyarakat kecewa sama kepolisian","negatif"
"terus terang kami kecewa terhadap polisi","negatif"
"saya sedih marah dan kecewa kepada siapa lagi rakyat mengadu pak","negatif"
"tolong dong pak dibuktikan kalau hoax dengan bukti-bukti yang valid biar rakyat bisa percaya","negatif"
"polisi membatalkan konser untuk ahmad dhani membuat ribuan peserta kecewa","negatif"
"semoga citra kalian semakin buruk!","negatif"
"kecewa saya sama penguasa dan polisi","negatif"
"saya berharap lebih di kasus ini jadi kecewa sama polisi","negatif"
"demi Allah saya sedih kecewa dan marah pada polisi","negatif"
"jangan buat kami kecewa dan sakit hati pada kamu pak polisi","negatif"
"aku kecewa banget sikap polisi","negatif"
"kecewa dengan polisi karena intel cuma datang bilang sabar","negatif"
"siti rusmini kecewa karena laporan kekerasan dalam rumah tangga mengendap di kantor polisi","negatif"
"segel mobil box pengiriman surat suara rusak bawaslu kecewa polisi tidak mengkawal pengiriman suaranya","negatif"
"pengalaman baru lagi mengurus tilang sejauh ini masih sangat kecewa dengan polisi","negatif"
"Kenapa polisi selalu membuat rakyat kecewa","negatif"
"ibu korban kecewa polisi hentikan kasus dugaan pencabulan anak","negatif"
"kecewa dengan penanganan polisi yang dinilai merugikan","negatif"
"kecewa polisi hentikan kasus kepala sekolah cabul","negatif"
"panitia kecewa karena polisi menghadang peserta luar kota yang akan bergabung","negatif"
"saya kecewa sekali kost saya kemalingan lapor ke kantor polisi tapi tidak ada yang mengangkat","negatif"
"penampilannya dihentikan polisi sheila on 7 kecewa terhadap toleransi aparat","negatif"
"kecewa aja liat polisi tidak ada tegasnya","negatif"
"sebenarnya cukup kecewa dengan keadaan jalan karena tidak ada polisi","negatif"
"kecewa dengan kinerja polisi","negatif"
"kecewa polisi malas mengungkap kejahatan","negatif"
"sedih polisi tangguhkan pelaku pengeroyokan tempat hiburan malam","negatif"
"masyarakat kecewa dengan polisi","negatif"
"orator aksi kecewa dihalau polisi","negatif"
"jangan terlalu berharap banyak dari polisi ujungnya kecewa","negatif"
"tak berharap banyak dari polisi nanti kecewa","negatif"
"keluarga tabrak lari kecewa laporan ke polisi tidak direspon","negatif"
"kecewa banget sama polisi","negatif"
"saya kecewa polisi menetapkan tersangka yang salah","negatif"
"saya termasuk orang yang kecewa dengan polisi","negatif"
"melihat sikap polisi beberapa waktu ini jadi kecewa","negatif"
"saya kecewa dan marah karena Polisi tidak melanjutkan kasus tersebut","negatif"
"pasti pak polisi bisa membantu bapak","positif"
"yang lebih buat saya kecewa adalah tindakan polisi","negatif"
"kecewa dengan pihak polisi kenapa jadi serumit ini","negatif"
"kecewa polisi belum tangkap pelaku","negatif"
"Pelaku Penyerangan Tak Kunjung Ditangkap rakyat Kecewa sama Polisi","negatif"
"Ketiga korban persekusi mengaku kecewa dengan Kepala Pos Polisi","negatif"
"polisi jujur adil dan tegas","positif"
"Ini sungguh tidak adil brengsek kalian polisi","negatif"
"Yang jujur dan adil ya pak Polisi semoga amanah dan sukses","positif"
"perlu aparat kepolisian demi menjaga keamanan kedamaian","positif"
"keren sekali pak polisi menjaga pemilu aman damai jujur dan adil","positif"
"Polisi harus segera usut dan proses dengan adil","positif"
"Polisi ini memang biang masalah","negatif"
"Jadilah polisi yang amanah jujur adil","positif"
"dari dulu polisi itu menakutkan","negatif"
"Jadi polisi harus jujur dan adil","positif"
"Polisi itu baik jujur dan adil","positif"
"Saya yakin Polisi sebagai pengayom masyarakat akan dapat benar-benar menjadi kebanggaan rakyat Indonesia","positif"
"Dan penegak hukum sangat adil polisi semua jujur","positif"
"Polisi kita jujur membela rakyat kecil","positif"
"saya yakin Polisi Kita bersih dari uang haram","positif"
"polisi kita bersih jujur dan adil","positif"
"Dimana adanya polisi yang jujur","negatif"
"tetap jadilah polisi yang jujur baik bijaksana dan adil dalam bertugas","positif"
"Ikut senang cuma karena melihat kejujuran masih ada nilainya ternyata","positif"
"Dan ternyata polisi jujur masih dan mau tulus minta maaf ada juga","positif"
"Polisi buktikan institusi polisi menegak kan adil jujur tanpa ada intimidasi dari pihak mana pun.","positif"
"masih ada polisi yang jujur adil dan tegas","positif"
"semakin tidak percaya dengan kinerja polisi sungguh tidak adil","negatif"
"Teruntuk polisi-polisi yang jujur adil dan bekerja semaksimal mungkin saya ucapkan banyak terimakasih","positif"
"Sungguh polri mengecewakan rakyat","negatif"
"Masih banyak polisi kita yang sangat jujur dan adil sopan ramah","positif"
"saya dan mungkin jutaan orang mulai percaya pada polisi","positif"
"Polisi memang semestinya berani baik jujur dan berlaku adil","positif"
"kita rakyat pasti mendukung polisi yang jujur adil dan berani demi kebenaran","positif"
"Hukum indonesia butuh polisi yang jujur dan adil","positif"
"Polisi harus jujur dan adil","positif"
"Saya dukung selama kerja polisi jujur dan adil serta manusiawi","positif"
"Terima kasih karena Polri telah menjadi lembaga yang menjaga dan mewujudkan pemilu yang jujur dan adil","positif"
"Polisi Indonesia itu tegas jujur dan adil","positif"
"Terima kasih pak polisi sudah selalu jujur dan adil","positif"
"Susah sekarang cari polisi yang jujur dan adil","positif"
"permasalahan bangsa ini adalah Penegak Hukum atau Polisi saat ini TIDAK DIPERCAYA oleh Rakyat","negatif"
"Prihatin polisi yang jujur dan adil sudah sangat minim sekarang","negatif"
"tambahkan kinerja polisi jadilah polisi yang jujur adil melindungi rakyat","positif"
"polisi harus bersikap adil dan benar dan yang penting jujur untuk kasus ini","positif"
"Polisi zaman sakarang sudah JUJUR dan ADIL","positif"
"Masyarakat Indonesia semua senang ada polisi yang jujur dan adil","positif"
"senang sekali Polri gelar Bakti sosial untuk ringankan beban masyarakat","positif"
"Sepertinya sekarang polisi sudah jadi alat kekuasaan bukan lagi sebagai penegak hukum yang amanah jujur dan adil buat semua","negatif"
"sebegitu saya mengagumi polisi tapi anda sebagai polisi tidak bekerja secara jujur dan adil tolong selesaikan sesuai hukum!","negatif"
"Polri Bertindaklah jujur dan adil jangan sampai hukum dijadikan alat kekuasaan dan menindas mereka yang lemah","positif"
"menjadi Polisi yg baik jujur serta bisa berlaku Adil","positif"
"polisi menjalin silaturahmi dengan masyarakat sekaligus mendengarkan keluh kesah dan aspirasi masyarakat","positif"
"bekerja sebagai polisi punya integritas dan kinerja yang sangat baik dan bisa diandalkan.","positif"
"sedih sekali polisi berulah menerima sogokan dari perusahaan","negatif"
"maka dari itu kinerja polisi sudah semakin baik","positif"
"Masyarakat Puas Atas Kinerja Polri Amankan Pemilu","positif"
"Masih percaya sama kinerja Polisi","positif"
"Berhenti berharap dengan kinerja polisi lebih baik masyarakat yang bergerak","negatif"
"saya benci kinerja polisi soal pencurian motor atau mobil","negatif"
"yang terpenting semakin meningkatkan kinerja polisi","positif"
"lihat pak kinerja polisi hancur","negatif"
"apresiasi yang mendalam terhadap dedikasi dan kinerja yang luar biasa dari Polisi","positif"
"saya selalu sakit hati kalo mengingat kinerja polisi di negara sendiri","negatif"
"Hebat kinerja polisi dalam menangkap pelaku kriminal","positif"
"sangat kecewa dengan kinerja polisi","negatif"
"senang sekali dengan kinerja polisi yang mampu menangkap pengedar","positif"
"salut dan bangga selalu dengan kinerja pak polisi Bersama Berantas Kriminalitas","positif"
"Patut diapresiasi atas kinerja polisi yang bergerak cepat menangkap pengedar narkoba","positif"
"salut sama kinerja bapak polisi yang selalu tanggap menyelesaikan berbagai masalah","positif"
"apresiasi untuk polisi yang sudah berjasa dengan membongkar kasus narkoba","positif"
"Ayo Pak Polisi berantas habis para pelaku narkoba","positif"
"Kami bangga sekali dengan kinerja polisi","positif"
"Saya semakin yakin kinerja polri akan lebih baik polisi","positif"
"kecewa kinerja polisi buruk","negatif"
"senang dengan kejujuran dan integritas yang kuat dalam tubuh Kepolisian.","positif"
"jadi merasa aman karena Polisi ada dalam menjaga Keamanan dan Kenyamanan masyarakat","positif"
"polisi Kinerja kayak tai","negatif"
"kinerja polisi di masa depan makin bagus","positif"
"senang rasanya polisi mendengarkan keluh kesah masyarakat dan mengayomi masyarakat","positif"
"mantul sekali kinerja polisi","positif"
"Publik Puas Atas Kinerja Polisi","positif"
"Terima kasih pak polisi","positif"
"Terima kasih Polisi yang baik","positif"
"Alhamdulillah terima kasih pak polisi","positif"
"pak polisi terima kasih","positif"
"Terima kasih pak kapolresta atas kepedulian terhadap Fasilitas Publik","positif"
"Polisi peduli kebersihan keindahan Kota Terima kasih Pak","positif"
"Terima kasih Polisi yang peduli kebersihan keindahan Kota","positif"
"terima kasih pak polisi udah bersiap siaga mengamankan arus mudik balik semoga diberikan kesehatan dan kelancaran dalam bertugas","positif"
"Mantep betul polisi mempersiapkan dengan matang untuk lebaran tahun","positif"
"Terima kasih pak Polisi saya pulang mudik sudah tidak macet lagi lancar sekali perjalanan saya","positif"
"saya pulang mudik sudah tidak macet lagi lancar sekali perjalanan saya terima kasih pak polisi","positif"
"alhamdulillah di mudik tahun sekarang sudah banyak kemajuan terima kasih pak polisi","positif"
"mantap deh pokoknya pak polisi","positif"
"Terima kasih pak polisi semoga anda selalu diberi kesehatan dan dilancarkan rejekinya","positif"
"Terima kasih pak Polisi mudik lancar dan aman tanpa macet seperti tahun sebelumnya ditangani dengan baik dan luar biasa","positif"
"Terima kasih Pak Polisi sudah memberikan pelayanan terbaik kepada masyarakat","positif"
"Memang mantap penanganan mudik dari polisi","positif"
"terima kasih pak polisi sehat selalu dalam melaksanakan tugasnya.","positif"
"terima kasih pak polisi atas kinerjanya","positif"
"kami masyarakat terima kasih atas pelayanannya pak polisi","positif"
"Terima kasih pak Polisi senang sekali mudik bisa lancar dan aman tanpa macet","positif"
"Alhamdulillah mudik dijaga pak polisi terima kasih pak atas dedikasinya","positif"
"Jangan Pernah Berhenti Berbuat Baik kepada Sesama Pak polisi","positif"
"kami mengucapkan terima kasih kepada seluruh jajaran Polri di seluruh Indonesia","positif"
"Terima kasih pak polisi telah memberikan rasa aman dan nyaman disetiap perjalanan kami.","positif"
"Terima kasih pak Polisi mudik tahun ini gak kena macet dan lacar banget pokoknya tetap semangat deh buat pak Polisi dalam bertugas.","positif"
"Mantap Mudik balik lebaran kami sekeluarga aman dan lancar","positif"
"terima kasih pak dan bu polisi yang bertugas","positif"
"hebat pak polisi Arus mudik balik lebaran aman dan nyaman Terima kasih polri","positif"
"Terima kasih pak polisi yang ngatur jalan","positif"
"Terima kasih sudah menjaga keamanan dan kenyamanan","positif"
"Terima kasih bapak polisi semua sehat terus pak","positif"
"terima kasih bapak polisi telah siap sedia selalu untuk mengamankan semuanya dengan baik","positif"
"Terima kasih pak polisi yang selalu memberikan pelayanan terbaik kepada kami","positif"
"Terima Kasih Pak Polisi mudik jadi tenang aman terkendali","positif"
"Terima kasih Pak polisi telah mengamankan Mudik kami","positif"
"terima kasih Polisi Indonesia dedikasimu melindungi masyarakat patut diacungi jempol","positif"
"Terima kasih polisi wanita","positif"
"Terima Kasih Untuk Dukungannya Pak Polisi","positif"
"Terima Kasih Bapak Polisi","positif"
"Terima Kasih Ibu Polisi","positif"
"Terima kasih bu polisi","positif"
"Terima kasih para polwan","positif"
"Terima kasih polwan","positif"
"Polisi begini cepat tanggap dan peka Terima kasih pak polisi kalian sudah bekerja keras","positif"
"Polisi begini nih cepat tanggap dan peka","positif"
"Terima kasih pak polisi kalian sudah bekerja keras","positif"
"Disaat kami terancam kalian ada untuk melindungi kita Terima kasih pak polisi dan pak TNI Semangat terus","positif"
"Terima kasih pak polisi sudah mewakili kami semua","positif"
"Terima Kasih pak polisi terbaik","positif"
"Semoga kepolisian makin profesional dalam tugasnya.","netral"
"Tugas polisi memang berat, semoga bisa lebih baik ke depannya.","netral"
"Keamanan itu penting, semoga polisi bisa tetap sigap!","netral"
"Polisi punya peran besar di masyarakat, semoga makin transparan!","netral"
"Setiap tugas pasti ada tantangannya, semoga polisi makin kompeten!","netral"
"Semoga semua laporan masyarakat ditindaklanjuti dengan cepat.","netral"
"Polisi harus bisa menjaga ketertiban dengan adil.","netral"
"Setiap kasus pasti ada prosesnya, semoga ditangani dengan baik.","netral"
"Kinerja kepolisian perlu dievaluasi secara berkala biar makin optimal!","netral"
"Gimana pun juga, keamanan masyarakat ada di tangan polisi.","netral"
"Semoga makin banyak polisi yang benar-benar menjalankan tugasnya dengan baik!","netral"
"Masyarakat butuh kepolisian yang responsif dan tegas.","netral"
"Polisi perlu beradaptasi dengan perkembangan zaman biar makin efektif.","netral"
"Menjaga keamanan bukan hal mudah, semangat buat kepolisian!","netral"
"Pelayanan kepolisian harus lebih cepat dan transparan!","netral"
"Keamanan yang baik butuh kerja sama polisi dan masyarakat.","netral"
"Polisi harus jadi contoh dalam menaati hukum.","netral"
"Setiap kasus yang ditangani polisi harus jelas dan transparan.","netral"
"Semoga polisi bisa makin dekat dengan masyarakat!","netral"
"Profesionalitas dalam bertugas adalah kunci kepercayaan publik.","netral"
"Makin tegas, makin transparan, makin dipercaya!","netral"
"Tugas polisi berat, tapi tetap harus akuntabel!","netral"
"Polisi juga manusia, tapi tetap harus menjalankan tugas dengan benar.","netral"
"Semoga makin banyak polisi yang jujur dan berintegritas!","netral"
"Ketegasan polisi harus selalu seimbang dengan keadilan.","netral"
"Penegakan hukum itu penting, semoga polisi bisa lebih baik lagi!","netral"
"Harus ada perbaikan terus-menerus dalam sistem kepolisian.","netral"
"Jangan lupa, polisi juga pelindung rakyat!","netral"
"Pelayanan publik yang baik akan meningkatkan kepercayaan masyarakat.","netral"
"Polisi yang baik pasti dicintai rakyat!","netral"
"Semoga reformasi kepolisian terus berjalan ke arah yang lebih baik!","netral"
"Tugas berat polisi harus diimbangi dengan tanggung jawab yang besar.","netral"
"Hukum harus ditegakkan tanpa pandang bulu, polisi punya peran besar!","netral"
"Polisi juga manusia, tapi tetap harus profesional dalam bekerja.","netral"
"Semakin cepat respons kepolisian, semakin baik untuk masyarakat.","netral"
"Kepolisian perlu lebih transparan dalam menangani kasus!","netral"
"Penegakan hukum harus terus ditingkatkan demi keamanan bersama.","netral"
"Kepolisian yang baik harus bisa melayani masyarakat dengan sepenuh hati.","netral"
"Setiap laporan harus ditindaklanjuti biar masyarakat merasa aman!","netral"
"Kinerja polisi harus terus dievaluasi biar lebih efektif!","netral"
"Ketegasan polisi penting, tapi jangan sampai merugikan masyarakat.","netral"
"Terima Kasih buat polisi yang membantu mengamankan","positif"
"terima kasih atas kinerjanya bapak polisi","positif"
"Terima kasih pak Polisi karena sudah menyelamatkan para korban","positif"
"Terima kasih Polres Serang sudah menjaga kondusifitas kotanya.","positif"
"Keren terima kasih bapak polisi","positif"
"Good job Pak Polisi terima kasih sudah mengevakuasi pelaku","positif"
"Terima kasih pak polisi semoga cepat diusut tuntas.","positif"
"Terima kasih bapak polisi yang rela membantu warga","positif"
"Sekali lagi terima kasih pak Polisi sudah menginspirasi kita semua","positif"
"terima kasih Bapak polisi yang sudah membantu","positif"
"salut banget sama pak polisi terima kasih pak","positif"
"Terima kasih pak polisi yang menjaga terus tanpa lelah","positif"
"Terima kasih polisi baik","positif"
"Terima kasih pak Polisi untuk kronologinya","positif"
"Terima kasih Polri atas upaya yang dilakukan untuk menghormati jasa-jasa pahlawan kita","positif"
"Terima kasih pak Polisi yang sudah menjalankan tugasnya mengawal","positif"
"keren nih programnya terima kasih pak polisi terus Berkarya Berinovasi Mengayomi","positif"
"Teruslah Berkarya Berinovasi Mengayomi terima kasih pak polisi sehat selalu","positif"
"Terima kasih banyak buat Pak Polisi yang hari ini telah membantu saya","positif"
"terima kasih bapak kapolri atas komitmennya Polisi Jaga Persatuan dan kesatuan bangsa","positif"
"bangga pak polisi melayani dengan hati melakukan tugas penuh amanah","positif"
"Luar biasa cepat tanggap bapak polisi","positif"
"Terima kasih pak polisi yang bergerak dengan cepat","positif"
"Dukungan Ini Merupakan Wujud Terima Kasih Sebab Kebaikan Polisi","positif"
"Terima kasih sarannya pak polisi","positif"
"Wah terima kasih pak polisi saya jadi terharu","positif"
"Mantap Terima kasih pak polisi sudah menangkap Pelaku","positif"
"Hadir disaat dibutuhkan terima kasih ibu Polwan","positif"
"Hadir ditengah masyarakat terima kasih Polri","positif"
"Memanusiakan manusia terima kasih Polri","positif"
"Jiwa raga untuk kemanusiaan terima kasih Polri telah peduli","positif"
"Terima kasih Polri telah berbagi buku sekaligus ilmu","positif"
"Terima kasih telah hadir ditengah masyarakat","positif"
"Berbagi buku sekaligus ilmu terima kasih Polri","positif"
"Terima kasih Polisi yang selalu hadir ditengah masyarakat","positif"
"jarang terlihat dilayar kaca tapi nyata dilapangan Terima kasih Polisi Baik","positif"
"terima kasih pak kapolres kami masyarakat banyak-banyak terima kasih atas bantunnya","positif"
"Terima kasih bapak polisi sudah mewakili kami","positif"
"Mantap langsung ketahuan Terima kasih polisi","positif"
"Ini Polisinya wajib dikasih penghargaan karena hal hal begini saja menjadi perhatiannya","positif"
"jarang jarang Pak Polisi seperti ini Terima kasih Polri semoga semakin sejahtera","positif"
"Terima kasih pak polisi Sudah membantu Mengamankan","positif"
"TERIMA kasih polisi baik Salut","positif"
"Alhamdulillah terima kasih pak Polisi hukum seberat beratmya mahluk kayak dia","negatif"
"sekali lagi polisi goblok terima kasih.","positif"
"Terima kasih pak polisi hadapi dengan senyuman setiap melaksanakan tugas","positif"
"Terima kasih pak polisi sudah mengungkap kebenaran","positif"
"Terima kasih polisi dan Relawan telah bekerja semaksimal mungkin","positif"
"TERIMA KASIH BAPAK POLISI SUDAH MENEGAKKAN KEADILAN","positif"
"Terima kasih atas bantuannya Pak polisi","positif"
"Terima kasih Pak Polisi dan Bu Polisi yang standby setiap malam","positif"
"terima kasih pak polisi sudah turut membantu evakuasi","positif"
"Terima kasih atas dedikasi dan kontribusimu pak polisi","positif"
"terima kasih pak polisi yang selalu Siaga membantu masyarakat mari kita Bersama Saling Waspada","positif"
"Terima kasih kepada para polisi yang sudah membantu warga","positif"
"Terima kasih kepada polisi yang selalu berjuang untuk menjaga keamanan kita semua","positif"
"Terima kasih kepada polisi yang bekerja keras dalam menjaga perbatasan laut kita","positif"
"Terima kasih Bapak polisi atas himbauan yang sangat bagus ini.","positif"
"Terima kasih kepada polisi yang telah bekerja keras untuk menyelesaikan kasus ini","positif"
"Terima kasih Bapak polisi sudah bertindak tegas","positif"
"Semakin profesional, semakin dihormati!","netral"
"Jangan hanya penindakan, polisi juga harus mendidik masyarakat!","netral"
"Makin baik pelayanan, makin tinggi kepercayaan masyarakat.","netral"
"Penting buat polisi untuk menjaga netralitas dalam bertugas!","netral"
"Penegakan hukum yang adil akan bikin masyarakat lebih percaya sama polisi.","netral"
"Semoga polisi selalu mengutamakan keadilan dalam setiap tindakan.","netral"
"Polisi adalah pelindung rakyat, bukan sebaliknya.","netral"
"Kinerja polisi menentukan rasa aman masyarakat.","netral"
"Polisi memiliki tugas utama menegakkan hukum dan menjaga ketertiban","netral"
"akhirnya motor saya balik terima kasih pak polisi","positif"
"Salut Polisi Tolong Sopir Truk Kontainer yang Pingsan","positif"
"akhirnya kena juga Terima Kasih Pak Polisi.","positif"
"Terima kasih pak polisi selalu hadir melayani","positif"
"terima kasih polisi yang Selalu Hadir Melayani dan dengan Pengabdian Sepenuh Hati","positif"
"Terima kasih kepada polisi yang bekerja keras untuk mengungkap kasus ini","positif"
"terima kasih polisi selalu Bersama Cegah Kejahatan semoga untuk kedepannya kejahatan yang lain bisa terungkap","positif"
"terima kasih polisi selalu Cegah Kejahatan","positif"
"Aku benar-benar kecewa dengan kinerja kepolisian","negatif"
"Kinerja kepolisian bikin aku sedih banget","negatif"
"Aku merasa sangat sedih melihat cara kerja kepolisian.","negatif"
"Kepolisian bekerja dengan cara yang bikin aku benar-benar sedih.","negatif"
"Aku nggak habis pikir dengan kinerja kepolisian, rasanya sedih banget.","negatif"
"Saya sangat kecewa dengan kinerja kepolisian dan berharap ada perbaikan.","negatif"
"Kinerja kepolisian saat ini kurang memuaskan dan perlu evaluasi.","negatif"
"Penegakan hukum seharusnya dilakukan dengan lebih adil dan transparan.","positif"
"Saya berharap kepolisian bisa lebih profesional dalam menjalankan tugasnya.","positif"
"Kepercayaan masyarakat pada kepolisian harus dijaga dengan tindakan nyata.","positif"
"Saya sangat geram dengan kinerja kepolisian yang semakin mengecewakan.","negatif"
"Bagaimana mungkin kepolisian terus bekerja dengan cara yang semrawut seperti ini","negatif"
"Kinerja kepolisian benar-benar membuat saya frustrasi! Seharusnya mereka lebih bertanggung jawab.","negatif"
"Saya muak melihat bagaimana kepolisian menegakkan hukum dengan standar ganda.","negatif"
"Sebagai aparat penegak hukum, kepolisian seharusnya malu dengan cara mereka bekerja saat ini.","negatif"
"Saya benar-benar kecewa dengan bagaimana kepolisian menangani masalah ini.","negatif"
"Keputusan yang diambil kepolisian sungguh mengecewakan dan tidak mencerminkan keadilan.","negatif"
"Sulit dipercaya bahwa kepolisian masih bekerja dengan cara yang begitu tidak profesional.","negatif"
"Sebagai masyarakat, kami merasa dikhianati oleh kepolisian yang seharusnya melindungi, bukan merugikan.","negatif"
"Harus sampai kapan kepolisian terus mengabaikan keadilan dan kepentingan masyarakat","negatif"
"Saya sedih melihat kepolisian yang seharusnya melindungi rakyat, tapi malah mengecewakan.","negatif"
"Miris rasanya melihat hukum tidak ditegakkan dengan adil oleh kepolisian.","negatif"
"Seharusnya kepolisian menjadi pelindung, bukan sumber ketidakadilan.","negatif"
"Saya kehilangan harapan melihat banyak kasus yang tidak ditangani dengan serius.","negatif"
"Kepolisian yang seharusnya menjadi harapan rakyat kini justru sering mengecewakan.","negatif"
"Sungguh menyedihkan ketika rakyat takut melapor karena tidak percaya pada kepolisian.","negatif"
"Setiap kali ada kasus yang dibiarkan begitu saja, saya semakin kecewa.","negatif"
"Rasanya menyakitkan melihat oknum kepolisian yang menyalahgunakan wewenang.","negatif"
"Kenapa keadilan terasa begitu jauh ketika berurusan dengan kepolisian","negatif"
"Saya hanya bisa berharap suatu hari kepolisian benar-benar berpihak pada rakyat.","positif"
"Saya takut melapor ke polisi karena khawatir tidak mendapatkan keadilan.","negatif"
"Sering kali saya merasa lebih aman diam daripada berurusan dengan kepolisian.","negatif"
"Bagaimana bisa kita merasa terlindungi jika polisi sendiri menimbulkan ketakutan?","negatif"
"Saya khawatir jika berbicara terlalu keras, justru saya yang akan disalahkan.","negatif"
"Melihat kasus-kasus yang tidak ditangani dengan benar, saya jadi takut akan masa depan hukum di negara ini.","negatif"
"Kadang saya takut bahwa hukum hanya berpihak pada mereka yang punya kuasa.","negatif"
"Banyak yang takut melawan ketidakadilan karena polisi justru membela yang salah.","negatif"
"Rasanya menegangkan setiap kali melihat ada razia, meskipun tidak melakukan kesalahan.","negatif"
"Keamanan seharusnya datang dari kepolisian, bukan justru rasa cemas.","negatif"
"Saya takut jika suatu hari saya membutuhkan bantuan polisi, tapi mereka tidak peduli.","negatif"
"Saya masih percaya bahwa kepolisian bisa berubah menjadi lebih baik.","positif"
"Meskipun banyak kritik, saya yakin masih ada polisi yang benar-benar jujur.","positif"
"Kepercayaan masyarakat harus dijaga, dan saya berharap kepolisian terus berbenah.","positif"
"Saya percaya bahwa masih ada polisi yang bekerja dengan hati nurani.","positif"
"Banyak polisi baik di luar sana, mereka hanya perlu didukung dan diperlihatkan.","positif"
"Kejujuran dan integritas masih bisa ditegakkan jika ada niat dari dalam kepolisian sendiri.","positif"
"Saya yakin kepolisian bisa membuktikan bahwa mereka adalah penjaga keadilan.","positif"
"Sebagian polisi masih bekerja dengan baik, dan mereka yang jujur harus didukung.","positif"
"Saya percaya hukum bisa berjalan dengan adil jika kepolisian benar-benar berkomitmen.","positif"
"Selama masih ada polisi yang peduli dengan keadilan, masih ada harapan untuk negeri ini.","positif"
"saya semakin kecewa dengan kinerja kalian pak","negatif"
"Saya takut melapor ke polisi, takut malah dipersulit.","negatif"
"Berurusan dengan polisi sering kali bikin cemas.","negatif"
"Takut kalau keadilan hanya milik yang berkuasa.","negatif"
"Melapor ke polisi, tapi takut malah jadi tersangka.","negatif"
"Melihat razia polisi saja sudah bikin deg-degan.","negatif"
"Saya takut polisi lebih membela yang punya uang.","negatif"
"Kadang lebih aman diam daripada berurusan dengan polisi.","negatif"
"Saya takut hukum tidak akan melindungi rakyat kecil.","negatif"
"Sering kali rakyat takut bersuara karena polisi.","negatif"
"Saya takut polisi lebih berpihak pada kepentingan sendiri.","negatif"
"Takut kalau polisi tidak benar-benar menegakkan hukum.","negatif"
"Bagaimana bisa merasa aman kalau polisi pun tak bisa dipercaya?","negatif"
"Saya takut keadilan bisa dibeli dengan uang.","negatif"
"Polisi seharusnya melindungi, tapi kenapa malah bikin takut?","negatif"
"Takut kalau polisi justru menyalahgunakan kekuasaannya.","negatif"
"Berharap polisi adil, tapi takut itu hanya mimpi.","negatif"
"Saya takut suatu hari polisi benar-benar kehilangan kepercayaan rakyat.","negatif"
"Takut melapor karena tidak yakin akan ada tindakan yang adil.","negatif"
"Hukum terasa menakutkan ketika tidak ditegakkan dengan benar.","negatif"
"Kadang lebih takut sama polisi daripada sama penjahat.","negatif"
"Saya takut melapor ke polisi karena sering kali korban justru tidak mendapatkan perlindungan yang layak.","negatif"
"Setiap kali ada razia atau patroli, saya merasa cemas, meskipun saya tidak melakukan kesalahan.","negatif"
"Banyak orang ragu untuk meminta bantuan polisi karena takut dipersulit atau tidak dianggap serius.","negatif"
"Saya merasa takut jika suatu saat berhadapan dengan polisi yang tidak profesional dan menyalahgunakan wewenangnya.","negatif"
"Menegakkan keadilan seharusnya tidak membuat rakyat takut, tetapi sayangnya, banyak yang justru merasa sebaliknya.","negatif"
"Saya takut berbicara terlalu kritis tentang kepolisian, karena bisa saja saya yang malah mendapat masalah.","negatif"
"Bagaimana bisa kita merasa aman jika aparat yang seharusnya melindungi justru sering bertindak semena-mena?","negatif"
"Saya selalu khawatir jika harus berurusan dengan kepolisian, karena hasil akhirnya sering kali tidak bisa ditebak.","negatif"
"Takut rasanya melihat berita tentang orang-orang yang mencari keadilan, tetapi justru mendapat tekanan dari aparat.","negatif"
"Saya takut jika suatu hari menjadi korban ketidakadilan dan tidak ada polisi yang benar-benar peduli.","negatif"
"Kadang saya lebih memilih diam daripada melapor ke polisi, karena takut malah dipersulit atau dicurigai.","negatif"
"Sulit mempercayai kepolisian sepenuhnya ketika masih ada kasus di mana mereka tidak bertindak sesuai hukum.","negatif"
"Saya takut jika suatu saat saya mengalami masalah hukum, bukan karena saya salah, tetapi karena sistem yang tidak berpihak pada rakyat kecil.","negatif"
"Setiap kali ada demonstrasi atau protes, saya takut polisi akan bertindak berlebihan tanpa mempertimbangkan hak rakyat.","negatif"
"Melihat bagaimana beberapa kasus ditangani dengan tidak adil, saya jadi takut dengan masa depan hukum di negeri ini.","negatif"
"Saya merasa cemas melihat oknum kepolisian yang bertindak sewenang-wenang, tanpa ada sanksi yang benar-benar tegas.","negatif"
"Saya takut dengan kenyataan bahwa keadilan bisa saja dibeli, dan kepolisian tidak selalu berpihak pada yang benar.","negatif"
"Bagaimana bisa rakyat merasa aman jika yang seharusnya melindungi justru sering bertindak kasar?","negatif"
"Takut rasanya jika di masa depan polisi tidak lagi bisa dipercaya sebagai penjaga keadilan.","negatif"
"Saya khawatir suatu hari polisi justru lebih melindungi kepentingan mereka sendiri daripada masyarakat yang mereka layani.","negatif"
"Saya percaya masih ada polisi yang jujur.","positif"
"Kepercayaan rakyat harus dijaga oleh kepolisian.","positif"
"Polisi yang adil akan selalu didukung masyarakat.","positif"
"Saya yakin kepolisian bisa berbenah menjadi lebih baik.","positif"
"Keadilan bisa terwujud jika polisi bekerja dengan hati.","positif"
"Saya percaya polisi yang baik masih ada dan bekerja keras.","positif"
"Profesionalisme polisi adalah kunci kepercayaan rakyat.","netral"
"Saya yakin ada polisi yang benar-benar peduli pada rakyat.","positif"
"Kepolisian yang bersih akan selalu mendapat dukungan penuh.","positif"
"Saya percaya polisi bisa menegakkan hukum dengan adil.","positif"
"Integritas polisi menentukan masa depan hukum di negeri ini.","netral"
"Kejujuran polisi adalah harapan bagi masyarakat.","positif"
"Saya percaya hukum bisa ditegakkan jika polisi bekerja dengan tulus.","positif"
"Selama polisi menjunjung kebenaran, rakyat akan mendukungnya.","positif"
"Polisi yang bekerja dengan hati akan selalu dipercaya.","positif"
"Saya yakin masih ada polisi yang berjuang demi keadilan.","positif"
"Kepercayaan masyarakat adalah aset terbesar kepolisian.","netral"
"Saya percaya polisi bisa menjadi contoh dalam penegakan hukum.","positif"
"Polisi yang amanah akan selalu mendapat tempat di hati rakyat.","positif"
"Saya yakin perubahan positif di kepolisian bisa terjadi.","positif"
"Masih percaya ada polisi yang jujur, semangat buat kalian yang bener-bener kerja!","positif"
"Walaupun banyak kritik, gue yakin masih ada polisi yang tulus buat rakyat.","positif"
"Semoga polisi yang baik tetap kuat dan nggak kebawa arus negatif.","positif"
"Gue percaya kalau polisi kerja bener, pasti dihargai masyarakat.","positif"
"Nggak semua polisi buruk, masih ada kok yang beneran adil.","positif"
"Polisi yang jujur dan amanah itu keren banget, semoga makin banyak yang kayak gitu.","positif"
"Salut buat polisi yang bener-bener bekerja buat keadilan!","positif"
"Percaya deh, kalau polisi transparan, rakyat pasti lebih respek.","positif"
"Gue yakin ada polisi yang masih pegang integritas tinggi, semangat!","positif"
"Kalau polisi kerja dengan hati, pasti kepercayaan masyarakat balik lagi.","positif"
"Mau gimana pun, kita tetep butuh polisi yang jujur dan tegas.","positif"
"Hormat buat polisi yang kerja bener, bukan cuma gaya doang.","positif"
"Polisi yang profesional itu aset negara, semoga makin banyak yang kaya gini.","positif"
"Percaya sama polisi yang jujur, tapi kalau ada yang salah, tetep harus dikritik.","positif"
"Gue yakin masih ada polisi yang mau berjuang buat rakyat, bukan buat kepentingan sendiri.","positif"
"Kepolisian bekerja sesuai dengan prosedur dan peraturan yang berlaku.","netral"
"Setiap laporan masyarakat akan diproses sesuai dengan ketentuan hukum.","netral"
"Petugas kepolisian menjalankan tugasnya di berbagai bidang, termasuk lalu lintas dan kriminalitas.","netral"
"Kepolisian memiliki wewenang untuk melakukan penyelidikan terhadap suatu kasus.","netral"
"Setiap anggota kepolisian harus mengikuti pelatihan sebelum bertugas.","netral"
"Masyarakat dapat mengajukan pengaduan jika mengalami masalah terkait hukum.","netral"
"Kepolisian memiliki berbagai unit yang menangani kasus berbeda.","netral"
"Setiap tindakan kepolisian harus sesuai dengan undang-undang yang berlaku.","netral"
"Gue yakin masih ada polisi baik, tapi sayangnya mereka kalah suara.","positif"
"Polisi melakukan patroli rutin untuk menjaga keamanan di wilayah tertentu.","positif"
"Kalau semua polisi tegas dan jujur, rakyat nggak bakal ragu buat percaya.","positif"
"Gue masih percaya sama polisi, tapi buktiin dulu kalau emang serius jaga keadilan.","positif"
"Kepercayaan rakyat itu mahal, nggak bisa didapet kalau kerja masih setengah hati.","positif"
"Gue percaya sama polisi yang profesional, bukan yang kerja buat kepentingan pribadi.","positif"
"Jujur aja, polisi yang baik itu banyak, tapi yang buruk lebih sering disorot.","positif"
"Semangat buat polisi yang kerja dengan jujur, semoga makin banyak yang kayak gini!","positif"
"Polisi yang amanah dan adil pasti selalu dihormati rakyat.","positif"
"Gue percaya polisi bisa lebih baik kalau semua berani lawan korupsi di dalamnya.","positif"
"Nggak semua polisi buruk, yang bener-bener kerja buat rakyat harus diapresiasi.","positif"
"Semoga polisi terus berbenah biar makin dipercaya masyarakat.","positif"
"Salut buat polisi yang tetap jujur dan berani menegakkan hukum dengan adil!","positif"
"Kalau polisi transparan dan profesional, kepercayaan masyarakat pasti meningkat.","positif"
"Percaya sama polisi yang kerja dengan hati, semoga ke depan makin banyak yang seperti itu.","positif"
"Hukum bisa lebih baik kalau polisi benar-benar menjalankan tugasnya dengan integritas.","positif"
"Tetap percaya sama polisi yang jujur, semoga ke depan makin banyak perubahan positif.","positif"
"Rakyat butuh kepastian hukum, bukan cuma janji manis yang ujung-ujungnya zonk!","negatif"
"Gimana rakyat mau percaya kalau yang salah malah dilindungi, tapi yang benar ditekan?","negatif"
"Tugas utama polisi itu melindungi rakyat, bukan malah menindas dan mempersulit!","negatif"
"Setiap kasus yang dilaporkan akan diproses sesuai dengan prosedur yang ada.","netral"
"Kepolisian bekerja sama dengan lembaga lain dalam menegakkan hukum.","netral"
"Polisi bertugas mengatur lalu lintas demi kelancaran transportasi.","netral"
"Kepolisian memiliki sistem pelaporan online untuk memudahkan masyarakat.","netral"
"Setiap daerah memiliki kantor kepolisian yang berfungsi melayani masyarakat.","netral"
"Anggota kepolisian dapat dipindahtugaskan ke daerah lain sesuai kebijakan.","netral"
"Penyidikan suatu kasus memerlukan waktu sesuai dengan tingkat kompleksitasnya.","netral"
"Polisi memiliki kewenangan untuk menindak pelanggaran lalu lintas.","netral"
"Masyarakat dapat mengakses informasi tentang kinerja kepolisian melalui laporan tahunan.","netral"
"Kepolisian menggunakan teknologi untuk mendukung proses investigasi.","netral"
"Kinerja buruk tapi tiap tahun minta naik gaji, apa yang dinaikin kalau kerja aja nggak becus?","negatif"
"Giliran demo rakyat langsung ditindak, tapi koruptor malah dikawal dengan santai!","negatif"
"Katanya penegak hukum, tapi malah jadi bagian dari kejahatan! Gimana rakyat mau percaya?","negatif"
"Polisi tugasnya bukan cuma tilang di jalan, coba lihat kejahatan yang lebih besar di depan mata kalian!","negatif"
"Jangan cuma pamer prestasi di media, kalau di lapangan masih banyak kasus yang kalian abaikan!","negatif"
"Kalian dikasih wewenang untuk melindungi rakyat, bukan buat nyari keuntungan pribadi!","negatif"
"Susah banget cari polisi yang benar-benar kerja buat rakyat, yang ada malah sibuk cari aman sendiri!","negatif"
"Hukum cuma buat yang miskin! Yang kaya mah bebas seenaknya!","negatif"
"Polisi tugasnya bikin aman, bukan malah bikin rakyat takut!","negatif"
"Lama-lama semua disebut oknum, terus mana yang bener?","negatif"
"Kalau hukum bisa dibeli, rakyat kecil tinggal pasrah aja?!","negatif"
"Nggak usah sok berwibawa kalau masih pilih kasih dalam menindak!","negatif"
"Kasus viral baru gercep! Kalau nggak, pasti diabaikan!","negatif"
"Ngurus SIM aja ribet, isinya pungli semua!","negatif"
"Keamanan cuma buat yang bayar, rakyat biasa cuma dapat janji palsu!","negatif"
"Bukti udah di depan mata, tapi masih alasan 'proses penyelidikan'!","negatif"
"Jangan salahkan masyarakat nggak percaya, liat sendiri kinerja kalian!","negatif"
"Kalau rakyat protes dibilang nggak menghormati hukum, lah kalian gimana?","negatif"
"Pakai seragam doang, tapi kelakuan kaya preman jalanan!","negatif"
"Polisi kerja buat siapa sih? Kok yang jelas-jelas salah malah dilindungi?","negatif"
"Jangan cuma pencitraan, buktikan kalau bener-bener kerja!","negatif"
"Jangan cuma tegas di jalanan, tapi di ruang sidang malah melempem!","negatif"
"Dikit-dikit 'damai aja', hukum negara kok jadi kayak tawar-menawar?!","negatif"
"Lapor hilang motor malah ditanya 'udah ikhlasin aja'?! SERIUS?","negatif"
"Kalau nggak ada kamera dan sosial media, semua kasus pasti tenggelam!","negatif"
"Gaji dari pajak rakyat, tapi malah ngehancurin kepercayaan rakyat!","negatif"
"Kepolisian adalah lembaga yang bertugas menjaga ketertiban dan keamanan.","netral"
"Setiap laporan yang masuk akan diproses sesuai prosedur yang berlaku.","netral"
"Polisi memiliki berbagai unit dengan tugas yang berbeda-beda.","netral"
"Hukum ditegakkan berdasarkan peraturan yang telah ditetapkan.","netral"
"Polisi memiliki kewenangan untuk melakukan penyelidikan dan pemeriksaan.","netral"
"Kepolisian bekerja dalam koordinasi dengan berbagai instansi terkait.","netral"
"Pengawasan terhadap kinerja kepolisian dilakukan oleh lembaga yang berwenang.","netral"
"Setiap kasus yang ditangani akan melalui proses investigasi sesuai aturan.","netral"
"Kepolisian memiliki peran dalam pengamanan kegiatan masyarakat.","netral"
"Pelayanan kepolisian mencakup berbagai aspek, termasuk administrasi hukum.","netral"
"Petugas kepolisian diberikan pelatihan sebelum menjalankan tugasnya.","netral"
"Prosedur penanganan kasus mengacu pada hukum yang berlaku.","netral"
"Polisi berperan dalam mengatur lalu lintas untuk menjaga kelancaran jalan.","netral"
"Kepolisian memiliki mekanisme pengaduan bagi masyarakat yang membutuhkan.","netral"
"Dalam menjalankan tugasnya, polisi mengikuti standar operasional yang ditentukan.","netral"
"Setiap anggota kepolisian memiliki tanggung jawab dalam menjalankan tugasnya.","netral"
"Kepolisian bekerja di bawah regulasi yang ditetapkan pemerintah.","netral"
"Laporan masyarakat menjadi salah satu sumber informasi bagi kepolisian.","netral"
"Teknologi digunakan oleh kepolisian untuk membantu dalam penyelidikan kasus.","netral"
"Kepolisian memiliki tugas untuk menjaga keamanan dalam berbagai situasi.","netral"
"Kelakuan kayak preman, tapi minta dihormati! Gimana rakyat mau respek?!","negatif"
"Polisi harusnya melindungi rakyat, bukan malah bikin susah!","negatif"
"Percuma ada hukum kalau polisi masih tebang pilih!","negatif"
"Keadilan cuma buat yang punya uang, rakyat kecil nggak dianggap!","negatif"
"Bosen liat berita polisi korup, kapan benernya?!","negatif"
"Polisi kerja buat siapa sih? Kok yang salah malah dilindungi?","negatif"
"Susah banget cari polisi jujur sekarang! Kecewa banget!","negatif"
"Kalau polisi nggak becus kerja, jangan harap rakyat percaya lagi!","negatif"
"Rakyat butuh keadilan, bukan janji kosong dari polisi!","negatif"
"Ngurus laporan aja ribet, polisi kerja atau enggak sih?","negatif"
"Kenapa kalau kasus kecil polisi sigap, tapi kalau kasus besar malah lama?!","negatif"
"Gaji dari pajak rakyat, tapi kerja seenaknya!","negatif"
"Harus berapa banyak korban dulu sampai polisi bener-bener bertindak?!","negatif"
"Jangan cuma garang sama rakyat kecil, yang gede juga ditindak dong!","negatif"
"Banyak oknum, tapi yang bener malah diam! Kecewa berat!","negatif"
"Kalau nggak bisa jujur, jangan jadi polisi!","negatif"
"Keamanan buat siapa sih? Kok yang salah malah makin berkuasa?","negatif"
"Udah capek berharap, percuma kalau polisi masih gini-gini aja!","negatif"
"Dikit-dikit damai, hukum di mana?!","negatif"
"Kinerja buruk tapi bangga seolah nggak ada masalah, parah sih!","negatif"
"Rakyat nggak butuh polisi pencitraan, butuh yang beneran kerja!","negatif"
"kenapa polisi memang harus menakutkan sih?","negatif"
"di mata masyarakat sebenarnya polisi itu menakutkan bukan mengayomi","negatif"
"saya lebih takut polisi karena polisi seperti momok yg menakutkan bagi kami para pemotor","negatif"
"Ngeri banget Polisi jaman sekarang kok menakutkan","negatif"
"Jujur aja, sekarang kalau ketemu polisi di jalan malah deg-degan.","negatif"
"Bukan rasa aman yang didapat, malah takut kalau ada razia.","negatif"
"Bahkan kalau nggak salah apa-apa pun, tetap takut kalau harus berurusan sama polisi.","negatif"
"Gimana nggak takut, kasus bisa tiba-tiba diputarbalikkan?","negatif"
"Kalau ada masalah, takut lapor, nanti malah gue yang kena!","negatif"
"Udah bayar pajak buat gaji mereka, tapi malah bikin rakyat takut.","negatif"
"Takut banget kalau ada kejadian di jalan, mau lapor pun bingung percaya atau nggak.","negatif"
"Semoga kepolisian bisa terus menjalankan tugasnya dengan baik.","netral"
"Pelayanan publik harus tetap berjalan sesuai prosedur.","netral"
"Setiap tugas pasti ada tantangannya, termasuk di kepolisian.","netral"
"Semua pihak perlu bekerja sama untuk menjaga keamanan.","netral"
"Proses hukum harus tetap berjalan sesuai aturan yang berlaku.","netral"
"Polisi punya peran besar dalam menertibkan masyarakat.","netral"
"Setiap laporan pasti membutuhkan waktu untuk diproses.","netral"
"Semua pihak pasti mengharapkan sistem yang lebih baik.","netral"
"Polisi juga manusia, pasti ada yang baik dan ada yang kurang.","netral"
"Perubahan sistem butuh waktu, nggak bisa instan.","netral"
"Semua lembaga pasti punya tantangan masing-masing.","netral"
"Penegakan hukum perlu terus diperbaiki dari waktu ke waktu.","netral"
"Semua profesi pasti ada oknum dan ada yang benar-benar menjalankan tugasnya.","netral"
"Masyarakat dan kepolisian harus saling mendukung demi keamanan bersama.","netral"
"Setiap kasus punya tingkat kesulitan yang berbeda-beda.","netral"
"Tugas kepolisian nggak mudah, tapi harus tetap profesional.","netral"
"Setiap kebijakan pasti ada pro dan kontranya.","netral"
"Polisi tetap punya kewajiban untuk melindungi masyarakat.","netral"
"Komunikasi antara masyarakat dan kepolisian harus lebih baik.","netral"
"Setiap kritik pasti ada alasannya, semoga bisa jadi bahan evaluasi.","netral"
"Udah banyak kejadian aneh, bikin makin nggak berani macem-macem.","negatif"
"Takut kalau dituduh sesuatu yang nggak kita lakuin.","negatif"
"Kalau ada peraturan baru, takutnya cuma buat nambah beban rakyat.","negatif"
"Bahkan orang yang udah punya pengacara pun masih bisa kena ancaman.","negatif"
"Takutnya kalau viral baru diproses, kalau nggak, ya ilang aja.","negatif"
"Ngeri kalau urusan sama polisi malah jadi lebih rumit.","negatif"
"Banyak kejadian aneh di tahanan, bikin was-was.","negatif"
"Takut kalau ngelapor malah ditanya ?isa damai nggak??negatif","negatif"
"Udah jelas kasus berat, tapi takut kalau akhirnya pelaku bebas.","negatif"
"Kalau lihat lampu strobo di belakang, rasanya udah takut duluan.","negatif"
"Takut kalau ada razia, nanti malah kena kasus yang aneh-aneh.","negatif"
"Banyak kasus salah tangkap, bikin siapa aja bisa kena.","negatif"
"Jalan malam aja takut, bukannya merasa aman malah makin waspada.","negatif"
"Takut kalau ternyata yang harusnya menegakkan hukum malah bermain di belakang layar.","negatif"
"Bahkan ngerekam kejadian aja bisa kena masalah, serem banget.","negatif"
"Mau pasang kamera di mobil, takut malah dikira cari masalah.","negatif"
"Lapor kehilangan malah kena biaya tambahan? Makin takut buat lapor.","negatif"
"Ngeri kalau ditilang tapi nggak tahu hak kita sebagai warga negara.","negatif"
"Kalau nggak ada bukti rekaman, takut kejadian bisa dipelintir.","negatif"
"Udah banyak orang yang jadi korban salah tangkap, makin ngeri.","negatif"
"Takut kalau hukum bisa dipermainkan seenaknya.","negatif"
"Lihat berita makin serem, rakyat kecil kayak nggak punya perlindungan.","negatif"
"Bahkan kalau punya bukti kuat pun tetap takut kalau kasus bisa hilang begitu aja.","negatif"
"Sedih banget, hukum di negara ini terasa nggak adil sama sekali.","negatif"
"Kepercayaan ke polisi makin lama makin hilang, kecewa banget.","negatif"
"Harusnya merasa aman, tapi malah was-was kalau ketemu polisi.","negatif"
"Capek berharap, setiap ada kasus besar ujung-ujungnya menghilang.","negatif"
"Setiap laporan yang masuk harus diproses sesuai prosedur yang berlaku.","netral"
"Kepolisian memiliki tugas utama dalam menjaga ketertiban masyarakat.","netral"
"Evaluasi berkala terhadap kinerja aparat penting untuk perbaikan sistem.","netral"
"Koordinasi dengan pihak terkait dapat meningkatkan efektivitas penegakan hukum.","netral"
"Penyuluhan hukum kepada masyarakat dapat membantu dalam pencegahan kejahatan.","netral"
"Teknologi dapat dimanfaatkan untuk meningkatkan efektivitas pelayanan kepolisian.","netral"
"Setiap institusi, termasuk kepolisian, perlu beradaptasi dengan perkembangan zaman.","netral"
"Penegakan hukum yang adil akan menciptakan ketertiban dalam masyarakat.","netral"
"Pelayanan publik yang maksimal adalah harapan semua warga terhadap kepolisian.","netral"
"Transparansi dalam proses hukum dapat meningkatkan kepercayaan masyarakat.","netral"
"Kepolisian harus selalu mengikuti prosedur dalam setiap tindakan yang dilakukan.","netral"
"Program peningkatan kualitas SDM kepolisian dapat membantu profesionalisme kerja.","netral"
"Respons cepat dalam menangani laporan masyarakat sangat diperlukan.","netral"
"Koordinasi antara kepolisian dan masyarakat dapat meningkatkan keamanan bersama.","netral"
"Sistem pengaduan masyarakat yang lebih efektif dapat mempermudah penanganan kasus.","netral"
"Kepolisian perlu memberikan edukasi tentang hukum agar masyarakat lebih paham.","netral"
"Pembenahan sistem internal akan berdampak pada peningkatan kinerja kepolisian.","netral"
"Penanganan kasus harus dilakukan secara transparan dan akuntabel.","netral"
"Setiap tindakan aparat harus sesuai dengan hukum yang berlaku.","netral"
"Peran kepolisian dalam menjaga ketertiban harus didukung oleh seluruh elemen masyarakat.","netral"
"Sedih lihat korban yang nggak dapat keadilan.","negatif"
"Semakin hari, semakin sulit percaya dengan aparat.","negatif"
"Andai polisi benar-benar bekerja untuk rakyat, pasti keadaannya lebih baik.","negatif"
"Kenapa banyak kasus yang cuma dijadikan berita, tapi nggak ada tindak lanjut?","negatif"
"Padahal polisi itu harapan terakhir rakyat untuk mendapatkan keadilan.","negatif"
"Hukum terasa seperti permainan, yang kuat menang, yang lemah terabaikan.","negatif"
"Lapor ke polisi malah dianggap bercanda, sakit banget rasanya.","negatif"
"Kenapa harus viral dulu baru mau bertindak?","negatif"
"Miris lihat korban kriminal yang akhirnya harus berjuang sendiri.","negatif"
"Semua pihak punya peran dalam menjaga ketertiban bersama.","netral"
"Setiap profesi pasti punya tantangan dan tanggung jawabnya masing-masing.","netral"
"Selalu ada ruang untuk perbaikan dalam setiap sistem.","netral"
"Keamanan adalah tanggung jawab bersama, bukan hanya kepolisian.","netral"
"Evaluasi kinerja itu penting untuk meningkatkan pelayanan.","netral"
"Semua orang pasti menginginkan keadilan ditegakkan dengan baik.","netral"
"Prosedur hukum harus tetap diikuti sesuai aturan yang berlaku.","netral"
"Kepolisian tetap harus bekerja sesuai tugas dan fungsinya.","netral"
"Semua orang berhak mendapatkan pelayanan yang baik dari kepolisian.","netral"
"Ketertiban masyarakat bisa tercipta kalau semua pihak bekerja sama.","netral"
"Reformasi di institusi mana pun butuh proses dan waktu.","netral"
"Teknologi bisa membantu kepolisian dalam meningkatkan kinerjanya.","netral"
"Komunikasi yang baik antara masyarakat dan polisi bisa meningkatkan kepercayaan.","netral"
"Tidak semua masalah bisa langsung selesai dalam waktu singkat.","netral"
"Penegakan hukum harus berjalan sesuai prinsip keadilan.","netral"
"Semua laporan pasti akan diproses sesuai dengan mekanisme yang ada.","netral"
"Sinergi antara kepolisian dan masyarakat sangat diperlukan.","netral"
"Keamanan dan kenyamanan masyarakat harus tetap menjadi prioritas.","netral"
"Tugas utama kepolisian adalah menjaga ketertiban dan melindungi warga.","netral"
"Kritik yang membangun bisa membantu perbaikan sistem yang ada.","netral"
"Berurusan sama polisi itu kayak main judi, bisa aman bisa celaka.","negatif"
"Takut kalau ternyata nggak ada keadilan buat rakyat biasa.","negatif"
"Mau rekam kejadian di jalan, tapi takut malah ditangkap.","negatif"
"Kalau ada masalah, nggak tahu harus lapor atau kabur aja.","negatif"
"Bahkan sekadar bertanya pun takut dimarahi.","negatif"
"Takut kalau ada kejadian terus disuruh ?amai?dengan cara yang nggak bener.","negatif"
"Sering dengar cerita serem soal polisi, jadi makin takut.","negatif"
"Kalau ada polisi datang ke lingkungan, bukannya tenang malah panik.","negatif"
"Takut kalau kena kasus yang bukan salah sendiri.","negatif"
"Nggak berani komentar banyak, takut jadi bumerang.","negatif"
"Banyak kejadian aneh di tahanan, bikin was-was banget.","negatif"
"Kalau ditilang, takut malah jadi panjang urusannya.","negatif"
"Serem kalau ketemu polisi yang mukanya galak.","negatif"
"Kalau ada laporan hilang, takut malah disuruh bayar.","negatif"
"Mau lapor kasus, tapi takut nggak diproses.","negatif"
"Kalau ada operasi polisi di jalan, pasti deg-degan sendiri.","negatif"
"Nggak tahu mana yang bisa dipercaya, jadi takut berurusan.","negatif"
"Makin takut kalau lihat berita polisi korupsi.","negatif"
"Takut kalau nanti malah jadi korban salah tangkap.","negatif"
"Kalau ada polisi patroli, perasaan malah nggak tenang.","negatif"
"Hukum harusnya melindungi, tapi takutnya malah sebaliknya.","negatif"
"Takut kalau ada aturan baru yang malah memberatkan rakyat.","negatif"
"Jangan sampai ada kejadian di sekitar kita, takut kena imbas.","negatif"
"Kalau lihat polisi ngobrol sama preman, makin bingung harus percaya siapa.","negatif"
"Serem kalau ada polisi bawa senjata, bukannya merasa aman malah tegang.","negatif"
"Banyak kejadian yang nggak masuk akal, bikin takut sendiri.","negatif"
"Nggak ngerti lagi kalau sampai ketemu polisi yang main ancam.","negatif"
"Takut kalau ada orang yang salah malah dipaksa ngaku.","negatif"
"Banyak kasus besar tiba-tiba hilang, serem banget sistemnya.","negatif"
"Kalau viral baru diproses, kalau nggak ya dibiarkan, bikin ngeri.","negatif"
"Mau protes tapi takut ada akibatnya.","negatif"
"Takut kalau ketahuan ngerekam kejadian penting.","negatif"
"Kepolisian memiliki peran penting dalam menjaga keamanan dan ketertiban.","netral"
"Pelayanan yang cepat dan efisien dapat meningkatkan kepercayaan masyarakat.","netral"
"Setiap laporan yang masuk harus diproses sesuai prosedur hukum yang berlaku.","netral"
"Koordinasi antara kepolisian dan masyarakat dapat menciptakan lingkungan yang lebih aman.","netral"
"Teknologi dapat membantu meningkatkan efektivitas kinerja kepolisian dalam melayani publik.","netral"
"Sosialisasi aturan hukum kepada masyarakat bisa mencegah pelanggaran sejak dini.","netral"
"Evaluasi berkala terhadap kinerja kepolisian penting untuk meningkatkan profesionalisme.","netral"
"Penyuluhan keamanan dapat membantu meningkatkan kesadaran hukum di masyarakat.","netral"
"Penguatan sistem pengawasan internal dapat meningkatkan transparansi kepolisian.","netral"
"Pelayanan publik yang optimal harus menjadi prioritas utama kepolisian.","netral"
"Setiap tindakan kepolisian harus sesuai dengan kode etik dan standar prosedur yang berlaku.","netral"
"Kepolisian yang responsif dapat membantu penyelesaian masalah hukum lebih cepat.","netral"
"Kolaborasi dengan berbagai instansi dapat meningkatkan efektivitas penegakan hukum.","netral"
"Transparansi dalam proses penanganan kasus dapat mencegah munculnya spekulasi negatif.","netral"
"Pembinaan berkelanjutan terhadap personel kepolisian diperlukan untuk menjaga profesionalisme.","netral"
"Kepolisian harus tetap menjalankan tugasnya secara independen tanpa intervensi pihak lain.","netral"
"Pelaporan digital dapat membantu masyarakat mendapatkan akses lebih cepat terhadap layanan kepolisian.","netral"
"Pelibatan komunitas dalam menjaga keamanan dapat membantu tugas kepolisian.","netral"
"Keamanan dan ketertiban dapat terjaga dengan sinergi antara kepolisian dan masyarakat.","netral"
"Kepolisian memiliki tanggung jawab besar dalam menjaga stabilitas sosial dan keamanan nasional.","netral"
"Kalau nggak viral, nggak bakal diurus! Gila!","negatif"
"Mau lapor malah dipingpong ke sana-sini! Ngapain ada polisi?","negatif"
"Lihat polisi, bukannya tenang malah langsung emosi!","negatif"
"Hukum di negeri ini cuma untuk rakyat kecil!","negatif"
"Yang punya duit aman, yang nggak punya jadi korban!","negatif"
"Mereka kerja buat rakyat atau buat bos-bosnya doang?","negatif"
"Capek lihat drama hukum di negara ini!","negatif"
"Tiap hari ada aja berita soal polisi bermasalah!","negatif"
"Kalau rakyat yang salah langsung ditindak, kalau mereka? Bebas!","negatif"
"Udah rusak sistemnya, nggak bakal bisa dipercaya lagi!","negatif"
"Bosan lihat mereka sok bener di depan kamera!","negatif"
"Nyebelin banget kalau ada kasus gede, ujung-ujungnya hilang!","negatif"
"Kenapa sih mereka nggak malu sama seragamnya sendiri?","negatif"
"Mending mereka belajar dulu arti kata 'adil'!","negatif"
"Yang korup bebas, yang jujur malah dipersulit!","negatif"
"Kalau nggak ada uang atau koneksi, jangan harap dapat keadilan!","negatif"
"Kasus kelar bukan karena kerja keras polisi, tapi karena rakyat marah!","negatif"
"Makin nggak ada rasa hormat sama mereka!","negatif"
"Heran, kerjaannya ngurusin rakyat kecil doang!","negatif"
"Jangan sok suci kalau kelakuan masih kayak preman!","negatif"
"Nggak ada perubahan! Masalahnya itu-itu aja tiap tahun!","negatif"
"Seragam bukan buat gaya-gayaan, tapi buat kerja bener!","negatif"
"Hukum tajam ke bawah, tumpul ke atas! Udah muak denger itu terus!","negatif"
"Bisa nggak sih kerja pakai hati nurani?","negatif"
"Orang bayar pajak buat gaji mereka, tapi kerjaannya bikin rakyat sengsara!","negatif"
"Rakyat yang benar malah dianggap musuh!","negatif"
"Kalau kerja cuma buat kepentingan sendiri, mending mundur aja!","negatif"
"Kesel banget! Bukannya menangkap yang salah, malah main gertak rakyat!","negatif"
"Susah banget cari polisi yang benar-benar jujur!","negatif"
"Apa susahnya kerja bener tanpa nyari untung pribadi?","negatif"
"Sistemnya emang udah bobrok dari atas sampai bawah!","negatif"
"Polisi macam apa yang malah lindungi kriminal?","negatif"
"Nggak malu sama sumpah jabatan sendiri?","negatif"
"Janji tinggal janji, prakteknya nol besar!","negatif"
"Kalau nggak ada rakyat, kalian bukan siapa-siapa! Jangan sok berkuasa!","negatif"
"Udah bosen denger alasan klasik mereka!","negatif"
"Gaji gede tapi kelakuan nggak ada yang bisa dibanggain!","negatif"
"Mau percaya, tapi tiap hari selalu ada kasus baru!","negatif"
"Kalau udah ketahuan salah, ngelesnya lebih jago dari atlet lari!","negatif"
"Buat apa punya polisi kalau rakyat tetap harus berjuang sendiri?","negatif"
"Bener-bener bikin naik darah kalau denger kasus baru tiap hari!","negatif"
"Harusnya mereka jaga nama baik institusi, bukan malah bikin malu!","negatif"
"Seragam mereka harusnya jadi simbol keadilan, bukan simbol ketakutan!","negatif"
"Nggak ada yang berubah! Tiap tahun sama aja bobroknya!","negatif"
"Rakyat udah muak dipermainkan kayak begini terus!","negatif"
"Seriusan, kerja kalian tuh buat rakyat, bukan buat nyari untung sendiri!","negatif"
"Kalau nggak bisa kasih keadilan, ya mundur aja! Jangan sok berkuasa!","negatif"
"Kenapa sih selalu ada alasan kalau disuruh kerja bener? Bukannya itu tugas kalian?","negatif"
"Udah tau salah, masih aja sok bener! Gimana rakyat mau percaya?","negatif"
"Mereka kerja buat siapa sih? Kok yang benar malah ditekan?","negatif"
"Jangan heran kalau rakyat kehilangan kepercayaan, kelakuan kalian sendiri yang bikin!","negatif"
"Hukum di negeri ini lebih mirip dagangan, siapa yang bayar lebih, dia yang menang!","negatif"
"Kalau ada kasus besar, pasti ada aja yang tiba-tiba ?ilang jejak? udah capek liat dramanya!","negatif"
"Jangan cuma garang kalau ngurusin rakyat kecil, berani nggak lawan yang di atas?","negatif"
"Bukan cuma sekali dua kali, tapi tiap hari ada aja kasus yang bikin naik darah!","negatif"
"Kenapa kalau rakyat yang salah langsung dihukum, tapi kalau oknum polisi yang salah malah dilindungi?","negatif"
"Lapor kehilangan malah dipersulit, padahal itu kerjaan mereka!","negatif"
"Aneh, kalau ada orang kaya yang kena kasus, tiba-tiba hukum bisa lunak banget!","negatif"
"Mereka sok paling benar, tapi kerjaannya malah banyak merugikan rakyat!","negatif"
"Setiap ada kasus besar, rakyat selalu dibiarkan menunggu keadilan yang nggak pernah datang!","negatif"
"Kerja kalian tuh harusnya ngelindungin rakyat, bukan malah nambahin masalah!","negatif"
"Jangan mentang-mentang berseragam, jadi merasa bisa ngatur segalanya seenaknya!","negatif"
"Dulu percaya sama hukum, sekarang cuma bisa pasrah karena sistemnya udah rusak!","negatif"
"Percuma ada hukum kalau ujung-ujungnya bisa dibeli sama yang punya duit!","negatif"
"Bukannya bantu rakyat, malah bikin ribet setiap ada masalah!","negatif"
"Mereka seharusnya jadi harapan, tapi justru bikin ketakutan!","negatif"
"Lihat berita soal mereka tiap hari bikin makin hilang harapan sama keadilan!","negatif"
"Beneran deh, kalau nggak viral dulu, polisi nggak bakal peduli sama kasus rakyat kecil!","negatif"
"Sumpah jabatan mereka cuma formalitas doang, buktinya kelakuan tetap seenaknya!","negatif"
"Harusnya yang berseragam itu bikin tenang, bukan malah bikin curiga!","negatif"
"Seragam bukan buat gaya-gayaan, tapi buat benerin sistem hukum yang udah bobrok ini!","negatif"
"Paling jago kalau urusan ngasih alasan, tapi kalau kerja bener malah nggak kelihatan!","negatif"
"Setiap ada kasus gede, ujung-ujungnya rakyat disuruh ?abar? tapi nggak ada hasilnya!","negatif"
"Banyak yang berbuat salah, tapi hanya beberapa yang kena hukuman! Keadilan apa ini?","negatif"
"Kalau kasusnya melibatkan pejabat, pasti deh tiba-tiba jadi lambat prosesnya!","negatif"
"Sumpah, heran banget! Gimana sih bisa mereka tetap santai setelah bikin rakyat sengsara?","negatif"
"Kalau rakyat melawan, dibilang melanggar hukum. Kalau mereka yang melanggar, cuma dikasih sanksi ringan!","negatif"
"Bilangnya mau reformasi, tapi nyatanya masih bobrok juga!","negatif"
"Kalau lapor kasus malah disuruh ?amai?aja, jadi buat apa ada polisi?","negatif"
"Kenapa setiap ada kasus, pasti ada drama ?ilangnya barang bukti?atau ?ersangka kabur?","negatif"
"Susah percaya sama sistem hukum kalau yang jalankan aja nggak bisa bersikap adil!","negatif"
"Makin lama, makin kelihatan kalau hukum di negeri ini cuma buat mereka yang berduit!","negatif"
"Apa mereka nggak malu tiap hari ada berita buruk tentang kepolisian?","negatif"
"Sebenarnya tugas mereka apa sih? Karena yang mereka lakukan nggak sesuai sama yang diharapkan rakyat!","negatif"
"Lihat seragam mereka sekarang malah bikin marah, bukan bangga!","negatif"
"Setiap ada rakyat yang cari keadilan, malah mereka yang ditekan! Gila sih ini!","negatif"
"Kalau mau dihormati, kerja yang bener! Jangan cuma modal seragam!","negatif"
"Gaji dari pajak rakyat, tapi malah ngerugiin rakyat! Ironis banget!","negatif"
"Nggak ada harapan sama hukum kalau aparatnya masih banyak yang main belakang!","negatif"
"Dunia hukum di sini kayak panggung sandiwara, yang jago akting pasti menang!","negatif"
"Kalau rakyat yang salah langsung diadili, tapi kalau mereka sendiri yang salah, prosesnya kayak keong!","negatif"
"Jangan cuma pencitraan di media, rakyat butuh bukti nyata!","negatif"
"Mereka yang harusnya jadi contoh malah jadi yang paling buruk kelakuannya!","negatif"
"Setiap kasus yang nggak kunjung selesai, makin membuktikan kalau sistemnya udah gagal total!","negatif"
"Kalau ada polisi yang benar-benar jujur, kasihan banget mereka harus kerja di sistem kayak gini!","positif"
"saya masih percaya dengan polisi indonesia","positif"
"saya yakin masih ada pak polisi yang baik dan jujur","positif"
"masyarakat percaya kalian bisa melindungi kami pak","positif"
"semangat pak polisi kami percaya dengan kalian bisa melindungi kami","positif"
"lindungi kami selalu pak","positif"
"Marah banget lihat kasus ini nggak kelar-kelar!","negatif"
"brengsek hukum di negeri ini Cuma buat yang punya uang","negatif"
"kesal lihat oknum bebas tanpa hukuman","negatif"
"jengkel tiap kali lihat berita tentang mereka","negatif"
"benci banget sama sistem yang tidak adil","negatif"
"muak dengan janji palsu polisi tanpa bukti","negatif"
"geram lihat yang salah malah dilindungi","negatif"
"emosi setiap kali dengan polisi beralasan","negatif"
"dendam rasanya kalau polisi tidak adil","negatif"
"makin naik darah lihat kelakuan polisi","negatif"
"marah karena keadilan Cuma ilusi di negeri ini","negatif"
"brengsek rakyat kecil selalu jadi korban","negatif"
"kesal lihat kasus yang tiba-tiba hilang","negatif"
"jengkel banget kalau polisi diam saja","negatif"
"benci banget sama ketidakadilan yang dibiarkan terus terjadi","negatif"
"geram lihat yang benar malah ditekan","negatif"
"emosi banget kalau kasus besar tiba-tiba senyap","negatif"
"dendam rasanya lihat polisi berindak semena-mena","negatif"
"marah sampai tidak bisa berkata-kata","negatif"
"kesal lihat rakyat kecil dipersulit","negatif"
"brengsek kapan hukum bisa benar-benar adil","negatif"
"benci banget sama sistem hukum yang bobrok","negatif"
"muak dengan pencitraan tanpa aksi nyata","negatif"
"geram lihat aparat yang hanya memikirkan diri sendiri","negatif"
"emosi tiap kali ada kasus yang tidak pernah tuntas","negatif"
"dendam dengan ketidakadilan yang terus berulang","negatif"
"marah lihat koruptor bisa bebas santai","negatif"
"kesal karena yang salah selalu dilindungi","negatif"
"senang banget lihat polwan","positif"
"brengsek polisi korup buat rakyat makin sengsara","negatif"
"kesal karena polisi mengabaikan kejahatan","negatif"
"jengkel lihat polisi yang main kekerasan","negatif"
"muak lihat polisi hobi mengintimidasi rakyat biasa","negatif"
"emosi kalau polisi menyalahgunakan senjata dan wewenangnya","negatif"
"jengkel lihat polisi lebih sibuk mengejar tilang daripada tangkap koruptor","negatif"
"benci banget sama polisi yang menutupi kesalahan","negatif"
"dendam sama polisi tidak pernah jujur","negatif"
"brengsek harus viral dulu baru polisi mau bertindak","negatif"
"jengkel setiap melihat polisi pura-pura tidak tahu","negatif"
"benci banget kalau lihat polisi tidak becus bekerja","negatif"
"muak dengan alasan polisi yang selalu berubah-ubah","negatif"
"dendam rasanya lihat polisi bebas dari hukuman meski terbukti bersalah","negatif"
"marah lihat polisi melindungi koruptor","negatif"
"jengkel lihat aturan yang hanya menguntungkan polisi","negatif"
"Tugas polisi bukan hanya menegakkan hukum, tapi juga membangun kepercayaan publik.","netral"
"Evaluasi berkala terhadap kinerja kepolisian bisa jadi langkah perbaikan yang baik.","netral"
"Pelayanan yang cepat dan transparan adalah kunci kepercayaan masyarakat terhadap kepolisian.","netral"
"Tugas kepolisian adalah menegakkan hukum dengan adil tanpa memihak.","netral"
"benci lihat polisi yang selalu melindungi kepentingan pejabat","negatif"
"jengkel lihat polisi yang tidak mau dikritik padahal kerjaannya amburadul","negatif"
"benci sama polisi yang Cuma modal seragam tapi tidak berintegritas","negatif"
"dendam sama polisi yang tidak punya hati nurani","negatif"
"jengkel lihat bukti jelas tapi tetap tidak diproses","negatif"
"Bangga dengan polisi yang bekerja sepenuh hati!","positif"
"Senang melihat polisi makin profesional!","positif"
"Polisi yang jujur bikin hati tenang!","positif"
"Kinerja polisi semakin baik, teruskan!","positif"
"Salut untuk polisi yang menjaga keadilan!","positif"
"Terima kasih, polisi sudah bertugas dengan baik!","positif"
"Senang melihat polisi membantu masyarakat!","positif"
"Polisi sigap, rakyat jadi merasa aman!","positif"
"Polisi yang adil bikin masyarakat bahagia!","positif"
"Bangga dengan polisi yang tegas dan bijak!","positif"
"Polisi bekerja cepat, keren!","positif"
"Hati senang melihat polisi melayani dengan tulus!","positif"
"Terima kasih sudah melindungi kami dengan baik!","positif"
"Polisi yang ramah bikin nyaman!","positif"
"Bahagia melihat polisi menjalankan tugasnya dengan benar!","positif"
"Salut dengan polisi yang tidak tebang pilih!","positif"
"Senang ada polisi yang sigap dan responsif!","positif"
"Polisi bekerja dengan hati, luar biasa!","positif"
"Masyarakat bangga punya polisi yang profesional!","positif"
"Aman rasanya karena polisi selalu siap siaga!","positif"
"Polisi yang jujur adalah kebanggaan bangsa!","positif"
"Senyum polisi di jalan bikin hari lebih cerah!","positif"
"Polisi hadir, kejahatan menurun, hebat!","positif"
"Bahagia melihat polisi menegakkan hukum dengan adil!","positif"
"Terharu melihat polisi membantu warga kecil!","positif"
"Polisi yang disiplin bikin masyarakat kagum!","positif"
"Kepolisian memiliki peran penting dalam menjaga keamanan di masyarakat.","netral"
"Pelayanan yang cepat dan responsif selalu menjadi harapan masyarakat.","netral"
"Setiap institusi pasti memiliki tantangan dalam menjalankan tugasnya.","netral"
"Evaluasi rutin diperlukan agar kinerja kepolisian semakin optimal.","netral"
"Kepastian hukum bergantung pada penegakan yang transparan dan adil.","netral"
"Setiap laporan masyarakat harus ditindaklanjuti sesuai prosedur yang berlaku.","netral"
"Polisi bekerja berdasarkan hukum dan aturan yang sudah ditetapkan.","netral"
"Pelatihan dan pengembangan terus diperlukan untuk meningkatkan profesionalisme.","netral"
"Koordinasi antarinstansi dapat membantu efektivitas kinerja kepolisian.","netral"
"Penegakan hukum yang baik harus bebas dari kepentingan tertentu.","netral"
"Kesadaran hukum masyarakat juga berperan dalam mendukung tugas kepolisian.","netral"
"Modernisasi alat dan sistem kepolisian bisa meningkatkan efektivitas kerja.","netral"
"Program kerja kepolisian perlu disosialisasikan agar masyarakat memahami perannya.","netral"
"Setiap tindakan polisi harus didasarkan pada bukti dan prosedur yang jelas.","netral"
"Partisipasi publik dalam pengawasan dapat membantu menjaga kredibilitas kepolisian.","netral"
"Keamanan wilayah menjadi salah satu indikator keberhasilan kinerja kepolisian.","netral"
"Peningkatan integritas personel sangat penting untuk menjaga kepercayaan publik.","netral"
"Kolaborasi dengan berbagai pihak dapat membantu tugas kepolisian lebih efektif.","netral"
"Masyarakat menginginkan pelayanan yang transparan dan akuntabel dari kepolisian.","netral"
"Penegakan aturan harus tetap dilakukan sesuai dengan ketentuan yang berlaku.","netral"
"Bahagia melihat polisi bekerja sama dengan masyarakat!","positif"
"Polisi cepat tanggap, hasilnya nyata!","positif"
"Polisi yang bertanggung jawab bikin negara lebih maju!","positif"
"Masyarakat senang melihat polisi aktif menjaga ketertiban!","positif"
"Takut kalau kasus ini cuma berakhir tanpa kejelasan!","negatif"
"Polisi ada, tapi kenapa masih takut keluar malam?","negatif"
"Seram lihat polisi yang harusnya melindungi malah bertindak sebaliknya!","negatif"
"Takut kalau laporan hanya dianggap angin lalu!","negatif"
"Merinding lihat aparat yang menyalahgunakan kekuasaan!","negatif"
"Polisi lambat bertindak, takut kasusnya menghilang begitu saja!","negatif"
"Jangan sampai hukum malah memihak yang berkuasa, ngeri!","negatif"
"Deg-degan kalau ketemu razia, padahal nggak salah apa-apa!","negatif"
"Takut kalau keadilan hanya mimpi di negeri ini!","negatif"
"Polisi harusnya bikin aman, tapi kenapa banyak yang justru waswas?","negatif"
"Ngeri lihat kasus besar yang nggak pernah terselesaikan!","negatif"
"Takut kalau suara rakyat malah dibungkam dengan mudah!","negatif"
"Merasa nggak aman meskipun ada polisi di sekitar!","negatif"
"Polisi hadir, tapi kenapa masih banyak korban kejahatan?","negatif"
"Takut kalau yang salah malah dilindungi!","negatif"
"Polisi harusnya bikin tenang, bukan bikin cemas!","negatif"
"Khawatir kalau laporan kasus hanya berakhir di meja tanpa tindakan!","negatif"
"Serem lihat kejahatan yang tetap merajalela meski ada aparat!","negatif"
"Ketakutan melihat hukum yang bisa dibeli!","negatif"
"Polisi diam saja, rakyat makin takut berbicara!","negatif"
"Jangan sampai ada korban lagi hanya karena polisi abai!","negatif"
"Kenapa makin banyak orang takut melapor ke polisi?","negatif"
"Rasanya nggak aman kalau kejahatan dibiarkan begitu saja!","negatif"
"Seram kalau keadilan bisa dinegosiasi!","negatif"
"Takut kalau pelaku kejahatan malah lebih dilindungi daripada korban!","negatif"
"Polisi terlalu santai, sementara kejahatan terus terjadi!","negatif"
"Takut karena tidak ada transparansi dalam penanganan kasus!","negatif"
"Polisi seharusnya bikin tenang, bukan bikin ragu!","negatif"
"Ngeri kalau ada kasus besar tapi polisi malah diam!","negatif"
"Polisi harus tegas, biar rakyat nggak hidup dalam ketakutan!","negatif"
"Keamanan makin diragukan kalau polisi nggak bertindak cepat!","negatif"
"Jangan sampai takut dengan polisi lebih besar daripada takut dengan penjahat!","negatif"
"Takut kalau polisi cuma bergerak kalau sudah viral!","negatif"
"Sulit percaya kalau kejahatan tetap berulang meski ada aparat!","negatif"
"Ngeri kalau yang berani bicara malah dikriminalisasi!","negatif"
"Jangan sampai ada korban sia-sia karena kelambanan aparat!","negatif"
"Takut karena kasus hilang begitu saja setelah beberapa waktu!","negatif"
"Polisi perlu lebih tegas biar rakyat merasa aman!","negatif"
"Takut kalau hukum hanya tajam ke bawah!","negatif"
"Ragu kalau hukum bisa berjalan tanpa intervensi!","negatif"
"Takut karena hukum bisa dibelokkan sesuka hati!","negatif"
"Ngeri lihat kasus yang nggak pernah menemui titik terang!","negatif"
"Polisi harusnya memberikan perlindungan, bukan menambah rasa takut!","negatif"
"Khawatir kalau penegakan hukum hanya ilusi!","negatif"
"Takut kalau korban nggak dapat keadilan, sementara pelaku bebas berkeliaran!","negatif"
"Keamanan makin nggak jelas kalau polisi lambat bertindak!","negatif"
"Polisi seharusnya bisa lebih sigap biar rakyat nggak terus cemas!","negatif"
"Seram lihat kasus yang ujungnya cuma diam di tempat!","negatif"
"Polisi harus lebih transparan biar kepercayaan publik nggak hilang!","negatif"
"Ngeri kalau aparat lebih berpihak pada yang berkuasa daripada rakyat!","negatif"
"Sedih melihat hukum tak berpihak pada rakyat kecil.","negatif"
"Polisi ada, tapi keadilan terasa jauh.","negatif"
"Miris, kejahatan terus terjadi meski aparat ada di mana-mana.","negatif"
"Kenapa polisi lambat bertindak saat rakyat butuh?","negatif"
"Kecewa melihat kasus besar selalu tenggelam.","negatif"
"Rasanya pedih melihat korban tak mendapat keadilan.","negatif"
"Polisi harusnya melindungi, tapi kenapa banyak yang masih merasa tak aman?","negatif"
"Sedih melihat hukum hanya tajam ke bawah.","negatif"
"Rakyat menangis, tapi keadilan tetap tak datang.","negatif"
"Kenapa banyak kasus tak pernah terselesaikan?","negatif"
"Polisi hadir, tapi rasa aman tetap tak ada.","negatif"
"Miris, mereka yang butuh perlindungan malah terabaikan.","negatif"
"Susah percaya kalau laporan ke polisi bakal diproses.","negatif"
"Hati ini hancur melihat kebenaran diabaikan.","negatif"
"Sedih melihat aparat tak bisa jadi harapan rakyat.","negatif"
"Kenapa hukum seperti permainan bagi mereka yang berkuasa?","negatif"
"Tidak ada harapan jika polisi hanya diam.","negatif"
"Kecewa, hukum di negeri ini seakan cuma formalitas.","negatif"
"Polisi harusnya memberi solusi, bukan menambah masalah.","negatif"
"Hukum ada, tapi rasanya hanya ilusi.","negatif"
"Miris melihat aparat lebih peduli citra daripada rakyat.","negatif"
"Kenapa keadilan harus selalu menunggu viral?","negatif"
"Korban menunggu kepastian, tapi polisi tetap lamban.","negatif"
"Sedih melihat rakyat kehilangan kepercayaan pada hukum.","negatif"
"Kecewa, mereka yang berjuang untuk kebenaran malah ditekan.","negatif"
"Hati ini sakit melihat kejahatan dibiarkan begitu saja.","negatif"
"Polisi harusnya jadi pelindung, bukan sumber ketakutan.","negatif"
"Kenapa keadilan selalu sulit didapat?","negatif"
"Kecewa, keadilan terasa semakin jauh.","negatif"
"Polisi ada, tapi rasa aman seakan menghilang.","negatif"
"Sedih melihat hukum tak berpihak pada yang lemah.","negatif"
"Kasus terus bertambah, tapi penyelesaian terasa lambat.","negatif"
"Rakyat menangis, polisi tetap diam.","negatif"
"Tak ada yang bisa diharapkan jika hukum terus dipermainkan.","negatif"
"Kenapa kejahatan terus berulang tanpa solusi?","negatif"
"Miris melihat aparat seolah tutup mata terhadap penderitaan rakyat.","negatif"
"Polisi harusnya melindungi, bukan membuat resah.","negatif"
"Sudah lapor, tapi tetap tak ada hasil.","negatif"
"Sedih melihat kebenaran kalah oleh kepentingan.","negatif"
"Bagaimana bisa percaya kalau keadilan hanya untuk yang berduit?","negatif"
"Hukum hanya tajam ke bawah, itu menyakitkan.","negatif"
"Lelah berharap ada perubahan, tapi tetap sama saja.","negatif"
"Polisi seharusnya mendengar jeritan rakyat, bukan hanya atasan.","negatif"
"Miris, kasus lama belum selesai, kasus baru sudah menumpuk.","negatif"
"Kenapa rakyat kecil harus selalu menjadi korban?","negatif"
"Polisi terlalu lamban saat rakyat benar-benar butuh bantuan.","negatif"
"Menyedihkan, banyak yang kehilangan nyawa tanpa kejelasan hukum.","negatif"
"Polisi ada, tapi keadilan tetap sulit ditemukan.","negatif"
"Hati ini hancur melihat aparat yang tak bisa diandalkan.","negatif"
"Korban butuh perlindungan, bukan sekadar laporan yang diabaikan.","negatif"
"Tak ada harapan jika hukum hanya berpihak pada yang kuat.","negatif"
"Kenapa kasus bisa hilang begitu saja tanpa jawaban?","negatif"
"Polisi hanya bergerak cepat kalau ada tekanan publik.","negatif"
"Kecewa, mereka yang berani bicara malah dibungkam.","negatif"
"Polisi harusnya bekerja untuk rakyat, bukan melawan rakyat.","negatif"
"Sedih, hukum seperti hanya ada di atas kertas.","negatif"
"Kepercayaan semakin terkikis karena kasus yang tak terselesaikan.","negatif"
"Polisi diam, sementara rakyat terus menderita.","negatif"
"Laporan dibuat, tapi tindakan tak pernah nyata.","negatif"
"Miris melihat hukum yang tak memberi kepastian bagi korban.","negatif"
"Polisi ada, tapi kenapa rasa takut masih menghantui?","negatif"
"Sedih melihat ketidakadilan masih merajalela.","negatif"
"Keadilan seharusnya untuk semua, bukan hanya yang berkuasa.","negatif"
"Polisi harusnya memberi solusi, bukan semakin menambah luka.","negatif"
"Kenapa suara rakyat selalu diabaikan?","negatif"
"Miris melihat orang jujur malah dijadikan tersangka.","negatif"
"Harus seviral apa agar ada tindakan?","negatif"
"Sedih, mereka yang benar malah ditekan.","negatif"
"Polisi hadir di mana-mana, tapi kejahatan tetap merajalela.","negatif"
"Susah percaya kalau kasus bisa benar-benar selesai.","negatif"
"Hukum yang tidak adil lebih menyakitkan dari kejahatan itu sendiri.","negatif"
"Rakyat kecil hanya bisa menangis tanpa kepastian hukum.","negatif"
"Miris, bukti sudah jelas tapi prosesnya tetap berlarut-larut.","negatif"
"Polisi janji memperbaiki citra, tapi kenyataannya tetap sama.","negatif"
"Kecewa karena hukum seperti panggung sandiwara.","negatif"
"Sedih melihat harapan rakyat dipermainkan oleh sistem.","negatif"
"Keadilan terasa semakin langka dan mahal.","negatif"
"Polisi harusnya jadi pelindung, bukan sumber kesedihan.","negatif"
"Setiap hari berharap perubahan, tapi tetap mengecewakan.","negatif"
"Polisi ada, tapi keadilan terasa semakin jauh.","negatif"
"Kami hanya ingin merasa aman, tapi itu pun sulit.","negatif"
"Miris, hukum seperti dipermainkan oleh mereka yang berkuasa.","negatif"
"Sedih melihat laporan kami hanya dianggap angin lalu.","negatif"
"Polisi harusnya membantu, bukan malah memperumit masalah.","negatif"
"Kecewa, bukti jelas tapi tetap tak ada tindakan.","negatif"
"Sampai kapan rakyat kecil terus menjadi korban?","negatif"
"Harapan mulai hilang, hukum semakin tak bisa dipercaya.","negatif"
"Polisi janji menegakkan hukum, tapi kenyataannya berbeda.","negatif"
"Kasus-kasus lama tak pernah ada ujungnya, hanya menumpuk.","negatif"
"Sedih melihat aparat yang lebih sibuk pencitraan daripada bertindak.","negatif"
"Polisi terlalu sering menunda hingga korban terlupakan.","negatif"
"Setiap laporan harus viral dulu baru diproses, miris.","negatif"
"Polisi hadir di mana-mana, tapi rasa aman tak pernah ada.","negatif"
"Bukankah tugas mereka melindungi? Kenapa malah menakutkan?","negatif"
"Jika keadilan hanya untuk segelintir orang, lalu kami ini siapa?","negatif"
"Polisi seolah lupa bahwa mereka bekerja untuk rakyat.","negatif"
"Sedih melihat mereka lebih peduli pada jabatan daripada masyarakat.","negatif"
"Miris, rakyat hanya bisa berharap tanpa kepastian.","negatif"
"Polisi terlalu lambat dalam menindak, padahal nyawa taruhannya.","negatif"
"Banyak janji perbaikan, tapi realitanya tetap sama.","negatif"
"Bagaimana bisa merasa aman jika yang seharusnya melindungi malah diam?","negatif"
"Korban terus bertambah, tapi solusi tak kunjung datang.","negatif"
"Polisi sering berjanji, tapi lebih sering menghilang.","negatif"
"Kepercayaan sudah terkikis, dan mereka tak berusaha memperbaiki.","negatif"
"Kenapa korban harus berjuang sendiri mencari keadilan?","negatif"
"Polisi lebih cepat menangkap kritik daripada menangkap penjahat.","negatif"
"Sedih melihat hukum dipermainkan seperti lelucon.","negatif"
"Polisi yang baik ada, tapi sulit ditemukan.","negatif"
"Kecewa, mereka yang seharusnya membela justru menyakiti.","negatif"
"Jika hukum bisa dibeli, lalu apa gunanya keadilan?","negatif"
"Miris, rakyat berteriak tapi tak ada yang mendengar.","negatif"
"Polisi harusnya jadi harapan, bukan sumber ketakutan.","negatif"
"Semakin banyak laporan, semakin banyak pula yang diabaikan.","negatif"
"Hukum tumpul ke atas, tajam ke bawah, menyedihkan.","negatif"
"Polisi harusnya mengayomi, bukan malah menambah luka.","negatif"
"Setiap harapan yang diberikan, selalu berakhir mengecewakan.","negatif"
"Polisi harus sadar, kepercayaan rakyat bukan sesuatu yang abadi.","negatif"
"Semoga pelayanan kepolisian semakin baik ke depannya.","netral"
"Polisi punya tugas berat, semoga selalu amanah dalam menjalankannya.","netral"
"Penegakan hukum yang tegas dan adil akan membuat masyarakat lebih percaya.","netral"
"Banyak hal yang bisa diperbaiki dalam sistem kepolisian kita.","netral"
"Semoga koordinasi antara polisi dan masyarakat semakin kuat.","netral"
"Kinerja kepolisian perlu transparansi agar publik bisa menilai dengan objektif.","netral"
"Polisi harusnya hadir untuk memberi kepastian, bukan ketidakpastian.","negatif"
"Sedih melihat kasus besar lenyap begitu saja.","negatif"
"Kenapa yang benar malah ditindas, sementara yang salah dilindungi?","negatif"
"Polisi harusnya mengembalikan kepercayaan rakyat, bukan menghilangkannya.","negatif"
"Keadilan itu hak semua orang, bukan hanya mereka yang punya koneksi.","negatif"
"Takut melapor karena bisa-bisa malah jadi korban.","negatif"
"Kenapa rasanya lebih takut pada polisi daripada penjahat?","negatif"
"Jika hukum bisa dipermainkan, bagaimana nasib orang kecil?","negatif"
"Polisi harusnya melindungi, tapi malah bikin was-was.","negatif"
"Takut bicara jujur karena bisa berujung masalah.","negatif"
"Gimana bisa percaya kalau laporan sering diabaikan?","negatif"
"Rakyat kecil selalu takut jika berurusan dengan polisi.","negatif"
"Ngeri lihat kasus yang hilang begitu saja.","negatif"
"Takut kalau ketidakadilan ini jadi hal yang biasa.","negatif"
"Kalau ada masalah, justru takut lapor ke polisi.","negatif"
"Kenapa hukum terasa lebih berat bagi rakyat biasa?","negatif"
"Kasus hilang, bukti lenyap, siapa yang harus kita percaya?","negatif"
"Takut keadilan tak pernah benar-benar ada.","negatif"
"Respons cepat dalam menangani laporan akan meningkatkan kepercayaan masyarakat.","netral"
"Polisi sebagai pengayom masyarakat perlu terus meningkatkan pelayanannya.","netral"
"Keamanan dan ketertiban jadi tanggung jawab bersama, bukan hanya kepolisian.","netral"
"Masyarakat dan kepolisian harus saling mendukung demi lingkungan yang lebih aman.","netral"
"Takut, karena hukum bisa tajam ke bawah dan tumpul ke atas.","negatif"
"Korban malah disalahkan, makin ngeri buat cari keadilan.","negatif"
"Kedisiplinan internal kepolisian penting untuk menjaga integritas institusi.","netral"
"Setiap ada kasus besar, selalu ada keanehan.","negatif"
"Berani melapor, tapi takut malah jadi tersangka.","negatif"
"Takut karena keadilan hanya untuk mereka yang punya kuasa.","negatif"
"Melihat kejahatan bebas berkeliaran, makin ngeri hidup di sini.","negatif"
"Jika aparat bisa menyalahgunakan wewenang, siapa yang melindungi kita?","negatif"
"Polisi diam, sementara ketidakadilan terus terjadi.","negatif"
"Takut karena banyak yang bicara benar malah dibungkam.","negatif"
"Miris, masyarakat mulai takut mempercayai aparat.","negatif"
"Setiap ada kasus viral, tiba-tiba semuanya menghilang.","negatif"
"Hukum harusnya melindungi, tapi kenapa terasa menakutkan?","negatif"
"Takut kalau kejahatan justru dilindungi oleh yang berwenang.","negatif"
"Susah percaya kalau hukum bisa berubah ke arah lebih baik.","negatif"
"Ngeri kalau aparat bisa berbuat semaunya tanpa konsekuensi.","negatif"
"Takut kalau sistem hukum ini tak akan pernah membaik.","negatif"
"Banyak yang takut bicara karena bisa berujung ancaman.","negatif"
"Takut jika ketidakadilan ini sudah dianggap wajar.","negatif"
"Kalau hukum tak bisa dipercaya, siapa yang bisa?","negatif"
"Rasa takut ini bukan tanpa alasan, terlalu banyak bukti nyata.","negatif"
"Jika polisi tidak bisa diandalkan, ke mana lagi harus meminta bantuan?","negatif"
"Takut saat yang benar malah ditekan habis-habisan.","negatif"
"Bagaimana jika kasus kita hanya berakhir sebagai statistik?","negatif"
"Takut ketika bukti jelas tapi tidak ada tindakan.","negatif"
"Polisi harusnya hadir sebagai pelindung, bukan sumber ketakutan.","negatif"
"Ngeri kalau sistem ini terus melahirkan ketidakadilan.","negatif"
"Jika rakyat kecil tak pernah menang di mata hukum, lalu untuk apa hukum itu ada?","negatif"
"Takut lihat berita kalau aparat bisa sesukanya tanpa hukuman.","negatif"
"Melawan kejahatan itu berat, tapi lebih berat kalau aparat ikut bermain.","negatif"
"Takut kalau kita sudah terbiasa dengan hukum yang timpang.","negatif"
"Polisi harusnya memberi rasa aman, bukan cemas.","negatif"
"Bagaimana bisa percaya kalau kejahatan tetap merajalela?","negatif"
"Takut kalau hukum hanya tunduk pada uang dan kekuasaan.","negatif"
"Kasus besar tak tersentuh, tapi yang kecil langsung dihukum.","negatif"
"Takut karena hukum lebih sering berpihak pada yang kaya.","negatif"
"Polisi janji reformasi, tapi yang terjadi malah sebaliknya.","negatif"
"Jika hukum hanya formalitas, lalu untuk apa?","negatif"
"Saya percaya polisi bisa menegakkan keadilan dengan adil.","positif"
"Semoga polisi tetap berintegritas dan menjaga kepercayaan rakyat.","positif"
"Saya yakin masih banyak polisi yang bekerja dengan hati nurani.","positif"
"Polisi yang jujur akan selalu mendapat tempat di hati masyarakat.","positif"
"Percaya bahwa hukum akan ditegakkan tanpa pandang bulu.","positif"
"Kami berharap polisi selalu melindungi yang lemah.","positif"
"Kepercayaan rakyat adalah aset terbesar kepolisian.","positif"
"Saya yakin ada polisi yang bekerja demi kebaikan negeri ini.","positif"
"Polisi adalah garda terdepan dalam menjaga ketertiban masyarakat.","positif"
"Kami percaya polisi bisa menjadi harapan bagi keadilan.","positif"
"Integritas polisi adalah pondasi utama kepercayaan publik.","positif"
"Teknologi bisa membantu polisi dalam meningkatkan efektivitas tugasnya.","netral"
"Perbaikan di berbagai sektor kepolisian akan membawa dampak positif bagi masyarakat.","netral"
"Setiap laporan dari masyarakat seharusnya ditindaklanjuti sesuai prosedur.","netral"
"Kepolisian yang bekerja profesional akan membawa dampak baik bagi sistem hukum kita.","netral"
"Semakin profesional kepolisian, semakin aman masyarakat dalam beraktivitas.","netral"
"Kejujuran polisi adalah harapan bagi masa depan hukum di negeri ini.","positif"
"Kami percaya masih ada polisi yang benar-benar mengabdi untuk rakyat.","positif"
"Rakyat membutuhkan polisi yang bisa dipercaya dan diandalkan.","positif"
"Saya yakin polisi akan terus bekerja untuk menegakkan hukum dengan tegas.","positif"
"Kepercayaan masyarakat adalah tanggung jawab yang harus dijaga oleh kepolisian.","positif"
"Kami percaya hukum akan tegak jika polisi bekerja dengan jujur.","positif"
"Polisi yang transparan akan selalu mendapat dukungan rakyat.","positif"
"Kami berharap polisi terus bekerja dengan penuh dedikasi.","positif"
"Keberanian polisi dalam menegakkan keadilan patut diapresiasi.","positif"
"Saya yakin ada polisi yang bekerja dengan hati untuk rakyat.","positif"
"Kami percaya reformasi kepolisian akan membawa perubahan positif.","positif"
"Polisi adalah simbol perlindungan yang harus dijaga dengan baik.","positif"
"Kami yakin polisi bisa menjadi panutan dalam menegakkan hukum.","positif"
"Polisi yang bertanggung jawab akan selalu dihormati rakyat.","positif"
"Saya percaya kepolisian bisa memperbaiki citranya dengan kerja nyata.","positif"
"Kepastian hukum bisa terwujud jika polisi bekerja dengan kejujuran.","positif"
"Keamanan masyarakat ada di tangan polisi yang bekerja dengan tulus.","positif"
"Saya yakin polisi bisa menjadi pilar keadilan di negeri ini.","positif"
"Polisi yang setia pada sumpahnya akan selalu dihormati rakyat.","positif"
"Kami percaya masih ada polisi yang bekerja tanpa pamrih.","positif"
"Polisi yang profesional adalah harapan bagi sistem hukum yang lebih baik.","positif"
"Saya yakin polisi bisa membawa rasa aman bagi masyarakat.","positif"
"Keadilan akan terwujud jika polisi bekerja dengan transparansi.","positif"
"Kepercayaan masyarakat terhadap polisi harus dijaga dengan baik.","positif"
"Polisi yang bekerja dengan prinsip kejujuran akan selalu mendapat dukungan.","positif"
"Saya percaya kepolisian bisa semakin dekat dengan rakyat.","positif"
"Polisi yang baik adalah mereka yang selalu berpihak pada kebenaran.","positif"
"Kami percaya polisi bisa menjadi bagian dari perubahan positif.","positif"
"Kepolisian yang profesional akan membawa keamanan bagi seluruh rakyat.","positif"
"Kami percaya polisi bisa membangun kembali kepercayaan masyarakat.","positif"
"Polisi yang bekerja dengan hati akan selalu mendapat penghormatan.","positif"
"Kepercayaan rakyat akan semakin kuat jika polisi terus berbenah.","positif"
"Kami yakin kepolisian bisa menjadi simbol keadilan yang sesungguhnya.","positif"
"Polisi yang bertanggung jawab akan selalu mendapat tempat di hati rakyat.","positif"
"Saya yakin kepolisian bisa menjaga keadilan untuk semua.","positif"
"Kami percaya polisi akan selalu berada di pihak yang benar.","positif"
"Hukum akan berjalan baik jika polisi bekerja dengan penuh tanggung jawab.","positif"
"Polisi yang disiplin akan membawa perubahan besar bagi negeri ini.","positif"
"Kami yakin kepolisian akan terus melindungi masyarakat dengan sepenuh hati.","positif"
"Polisi yang bekerja dengan jujur akan selalu mendapat dukungan rakyat.","positif"
"Saya percaya kepolisian mampu memberantas kejahatan dengan tegas.","positif"
"Polisi yang berani menegakkan kebenaran adalah pahlawan bagi rakyat.","positif"
"Kami percaya kepolisian bisa menjaga keamanan dengan lebih baik.","positif"
"Polisi adalah garda terdepan dalam menciptakan ketertiban di masyarakat.","positif"
"Integritas polisi adalah hal yang sangat berharga bagi bangsa ini.","positif"
"Saya yakin kepolisian terus berusaha memperbaiki sistem penegakan hukum.","positif"
"Keamanan akan lebih terjamin jika polisi bekerja dengan penuh dedikasi.","positif"
"Kami percaya polisi bisa menindak kejahatan tanpa pandang bulu.","positif"
"Polisi yang bekerja dengan profesionalisme tinggi akan selalu dihormati.","positif"
"Saya yakin ada polisi yang benar-benar ingin melindungi rakyat.","positif"
"Kepolisian yang kuat akan menciptakan rasa aman di tengah masyarakat.","positif"
"Kami yakin polisi bisa mengembalikan kepercayaan masyarakat dengan kerja nyata.","positif"
"Polisi yang menjalankan tugasnya dengan hati nurani akan dihormati rakyat.","positif"
"Kejujuran polisi adalah kunci utama dalam membangun kepercayaan publik.","positif"
"Saya percaya polisi mampu menciptakan suasana yang aman dan kondusif.","positif"
"Kami berharap polisi tetap berkomitmen untuk memberantas segala bentuk kejahatan.","positif"
"Rakyat butuh polisi yang bisa menjadi panutan dalam menegakkan hukum.","positif"
"Saya percaya kepolisian bisa lebih transparan dalam menangani kasus.","positif"
"Keberanian polisi dalam melawan ketidakadilan adalah hal yang patut diapresiasi.","positif"
"Kami yakin polisi bisa menjalankan tugasnya tanpa intervensi dari pihak manapun.","positif"
"Polisi yang berpegang teguh pada prinsip keadilan akan selalu didukung rakyat.","positif"
"Saya percaya reformasi kepolisian akan membawa dampak positif bagi hukum.","positif"
"Polisi yang humanis akan lebih dekat dengan masyarakat.","positif"
"Kepolisian yang bertindak adil akan selalu mendapatkan kepercayaan publik.","positif"
"Kami yakin polisi bisa bekerja lebih baik untuk masa depan yang lebih aman.","positif"
"Polisi yang bertanggung jawab adalah harapan bagi bangsa ini.","positif"
"Saya percaya kepolisian bisa menangani kasus dengan cepat dan tepat.","positif"
"Kami berharap polisi tetap setia pada tugasnya untuk melindungi rakyat.","positif"
"Rakyat butuh polisi yang selalu menjunjung tinggi nilai keadilan.","positif"
"Polisi yang transparan dalam menjalankan tugasnya akan lebih dipercaya publik.","positif"
"Saya yakin ada banyak polisi yang masih bekerja dengan penuh integritas.","positif"
"Kepolisian yang baik adalah yang selalu berpihak pada kebenaran.","positif"
"Kami percaya polisi bisa menjadi ujung tombak dalam melawan kejahatan.","positif"
"Polisi yang berani menolak korupsi akan selalu mendapat dukungan rakyat.","positif"
"Saya yakin kepolisian akan terus berusaha menjadi lebih baik setiap hari.","positif"
"Kepercayaan rakyat terhadap polisi akan semakin kuat jika mereka bekerja jujur.","positif"
"Kami yakin kepolisian bisa meningkatkan profesionalisme dalam bertugas.","positif"
"Polisi yang dekat dengan rakyat akan lebih mudah menjalankan tugasnya.","positif"
"Saya percaya hukum bisa berjalan dengan baik jika polisi bekerja dengan jujur.","positif"
"Polisi yang tegas tetapi tetap humanis akan selalu dihormati masyarakat.","positif"
"Kami berharap polisi tetap menjaga keadilan tanpa diskriminasi.","positif"
"Polisi yang bekerja tanpa penyalahgunaan wewenang akan selalu didukung rakyat.","positif"
"Saya yakin kepolisian bisa menjadi harapan bagi hukum yang lebih baik.","positif"
"Polisi yang bersih dan transparan akan membawa perubahan positif bagi bangsa.","positif"
"Bangga melihat polisi bekerja keras menjaga keamanan masyarakat!","positif"
"Senang sekali melihat polisi yang jujur dan bertanggung jawab dalam tugasnya.","positif"
"Kepolisian yang bekerja dengan hati nurani benar-benar patut diapresiasi!","positif"
"Bahagia melihat polisi semakin profesional dalam menangani berbagai kasus.","positif"
"Rakyat pasti lebih tenang jika polisi terus bekerja dengan baik seperti ini.","positif"
"Salut untuk polisi yang terus berusaha menciptakan lingkungan yang aman!","positif"
"Keamanan semakin terjamin berkat kerja keras polisi yang berdedikasi.","positif"
"Senang sekali melihat kepolisian semakin transparan dalam bekerja!","positif"
"Polisi yang jujur dan tegas benar-benar membawa harapan bagi masyarakat.","positif"
"Tidak semua polisi buruk, masih banyak yang menjalankan tugas dengan baik.","netral"
"Profesionalisme dalam bertugas akan membuat kepolisian semakin dihormati.","netral"
"Keamanan dan ketertiban butuh kerja sama semua pihak, bukan hanya tugas polisi.","netral"
"Setiap individu di kepolisian punya tanggung jawab untuk menjaga citra institusi.","netral"
"Hati terasa lebih tenang saat melihat polisi hadir di tengah masyarakat.","positif"
"Kerja polisi yang luar biasa membuat lingkungan jadi lebih kondusif.","positif"
"Saya sangat mengapresiasi polisi yang selalu mengutamakan keadilan.","positif"
"Senang melihat polisi membantu rakyat kecil tanpa pandang bulu!","positif"
"Bangga dengan polisi yang selalu mengedepankan integritas dalam bertugas.","positif"
"Kepolisian yang transparan adalah bukti kemajuan penegakan hukum di negeri ini!","positif"
"Bahagia melihat polisi semakin humanis dalam melayani masyarakat.","positif"
"Polisi yang bekerja tanpa korupsi adalah harapan besar bagi bangsa ini!","positif"
"Polisi yang responsif terhadap laporan warga benar-benar luar biasa!","positif"
"Salut untuk polisi yang selalu hadir di saat rakyat membutuhkan bantuan.","positif"
"Hukum bisa berjalan dengan baik jika polisi terus bekerja seperti ini!","positif"
"Senang melihat polisi semakin inovatif dalam menangani masalah keamanan.","positif"
"Kepolisian yang disiplin dan profesional adalah kebanggaan bangsa!","positif"
"Polisi yang terus berbenah diri akan semakin dicintai rakyatnya.","positif"
"Keberanian polisi dalam menindak kejahatan patut diapresiasi!","positif"
"Makin bangga dengan kepolisian yang berani melawan praktik korupsi!","positif"
"Polisi yang peduli pada masyarakat akan selalu mendapatkan kepercayaan penuh.","positif"
"Bangga melihat polisi melayani rakyat dengan sepenuh hati.","positif"
"Polisi yang cepat tanggap dalam bertugas benar-benar menginspirasi!","positif"
"Sungguh menyenangkan melihat kepolisian semakin bersih dan transparan.","positif"
"Polisi yang berintegritas tinggi selalu mendapat tempat di hati masyarakat.","positif"
"Senyum polisi yang ramah membuat masyarakat merasa lebih dekat.","positif"
"Hebat! Polisi semakin sigap dalam menangani berbagai situasi darurat.","positif"
"Kepolisian yang cerdas dan inovatif benar-benar membawa angin segar!","positif"
"Polisi yang adil akan selalu mendapat tempat di hati masyarakat.","positif"
"Bangga melihat polisi mengayomi rakyat dengan penuh ketulusan!","positif"
"Polisi yang bekerja tanpa pamrih adalah pahlawan sejati bangsa!","positif"
"Salut untuk kepolisian yang makin aktif dalam membangun hubungan baik dengan rakyat.","positif"
"Polisi yang bertindak tegas terhadap pelanggar hukum layak mendapat penghargaan!","positif"
"Percuma laporan kalau akhirnya dibiarkan begitu saja!","negatif"
"Mereka harusnya melindungi rakyat, bukan malah bikin takut!","negatif"
"Kepolisian yang makin transparan membuat rakyat lebih percaya.","positif"
"Polisi yang bekerja dengan hati akan selalu dikenang jasanya.","positif"
"Bangga dengan polisi yang sigap dalam memberikan pertolongan.","positif"
"Hebat! Polisi semakin terbuka dalam menerima kritik dan masukan rakyat.","positif"
"Kepolisian yang semakin baik akan membawa dampak besar bagi bangsa ini.","positif"
"Polisi yang bersih dan amanah akan selalu mendapat dukungan penuh dari rakyat.","positif"
